time_hours,weather,satellite_longitude_deg,satellite_latitude_deg,satellite_radius_km,uplink_range_km,downlink_range_km,uplink_elevation_deg,downlink_elevation_deg,uplink_FSPL_dB,downlink_FSPL_dB,uplink_rain_attenuation_dB,downlink_rain_attenuation_dB,downlink_Tsys_K,uplink_Eb_N0_dB,downlink_Eb_N0_dB,combined_Eb_N0_dB_noise_only,combined_margin_dB_noise_only,combined_Eb_NI_dB,combined_margin_dB_with_interference,uplink_ASI_C_I_dB,downlink_ASI_C_I_dB,IMD_C_I_dB,BER_with_interference_uncoded,BER_with_interference_with_coding_gain,shannon_capacity_with_interference_Mbps,shannon_capacity_margin_with_interference_Mbps
0.0,clear,13.0,0.04,42164.0,37655.46142661379,37819.33954484791,41.64402779164291,39.48414082203014,206.88912018906908,205.5879037270861,0.0,0.0,127.23039545273618,14.077632778891939,14.964330075784574,11.488091087967618,4.488091087967618,10.994464711850092,3.9944647118500924,25.600219059281045,15.684999744370089,30.0,2.656886309806948e-07,7.035922253153132e-13,78.03136858002014,68.03136858002014
0.16666666666666666,clear,13.002624324230073,0.03996172014057371,42162.25045051328,37653.72842166405,37817.52016181741,41.643655570619416,39.48488539484992,206.88872043202034,205.5874858630902,0.0,0.0,127.2302869278759,14.078032535940679,14.964751644222929,11.488500641243292,4.4885006412432915,10.994833410550438,3.994833410550438,25.6002349176855,15.685031515547365,30.0,2.6539466063458463e-07,7.020665454949501e-13,78.03479640350041,68.03479640350041
0.3333333333333333,clear,13.005243625522015,0.03984695382967673,42160.50424965199,37652.005114471074,37815.71036729291,41.6431987117885,39.485549860237185,206.888322893735,205.58707018137466,0.0,0.0,127.23019008290859,14.07843007422602,14.965170631696253,11.488907813052194,4.488907813052194,10.995193010325803,3.995193010325803,25.60018367843995,15.68499624842559,30.0,2.6510823515830307e-07,7.005815819321486e-13,78.03813969588775,68.03813969588775
0.5,clear,13.007852890551563,0.03965592072922145,42158.764739632294,37650.29480345326,37813.91362527281,41.64265809027494,39.48613294189962,206.88792833546077,205.5866574779372,0.0,0.0,127.2301051025216,14.078824632500243,14.96558623590164,11.489311823708846,4.489311823708846,10.995542879176373,3.995542879176373,25.60006600124244,15.684894572384744,30.0,2.64829835206053e-07,6.991397012260315e-13,78.04139257647658,68.04139257647658
0.6666666666666666,clear,13.010447125203791,0.039388986475219434,42157.03524986414,37648.60076210893,37812.13337473372,41.642034742587505,39.486633520163,206.8875375128318,205.58624854317657,0.0,0.0,127.2300321487154,14.079215455129201,14.965997660909721,11.489711899482757,4.4897118994827565,10.995882441890789,3.995882441890789,25.59988304276651,15.684727613711551,30.0,2.6455989499463793e-07,6.977430232573249e-13,78.04454969227054,68.04454969227054
0.8333333333333333,clear,13.01302136413181,0.03904666197795664,42155.31909057879,37646.92623275105,37810.37302304804,41.64132986462164,39.48705063414231,206.88715117441885,205.5858441603758,0.0,0.0,127.2299713604984,14.079601793542167,14.966404118691742,11.490107274083087,4.490107274083087,10.996211180455857,3.996211180455857,25.59963644731078,15.684496986306748,30.0,2.642988023261223e-07,6.963934231872309e-13,78.04760622186656,68.04760622186656
1.0,clear,13.015570680260403,0.03862960244411476,42153.619546493064,37645.27442030201,37808.63593946244,41.64054480934906,39.48738348360241,206.88677006029246,205.5854451041986,0.0,0.0,127.22992285362574,14.079982907668551,14.966804830632213,11.490497190129304,4.490497190129304,10.99652863407415,3.9965286340741493,25.599328333718976,15.684204778666206,30.0,2.6404689890931667e-07,6.950925349200282e-13,78.050557875691,68.050557875691
1.1666666666666665,clear,13.018090194216418,0.03813860612271016,42151.93987052239,37643.64848616031,37806.92544864951,41.639681084198614,39.48763143050421,206.88639490060177,205.58505213920154,0.0,0.0,127.2298867203822,14.080358067359242,14.96719902902393,11.49088090060576,4.4908809006057595,10.996834398798896,3.996834398798896,25.598961278715308,15.683853537262632,30.0,2.638044809684631e-07,6.938417559478545e-13,78.05340089267357,68.05340089267357
1.3333333333333333,clear,13.020575083667854,0.037574612777250965,42150.283277554765,37642.051542150824,37805.24482434507,41.63874034813413,39.4877940002334,206.8860264141715,205.5846660183646,0.0,0.0,127.22986302940984,14.080726553789503,14.967585958543452,11.491257670297045,4.4912576702970455,10.99712812679283,3.9971281267928305,25.59853829673983,15.683446246432178,30.0,2.635718001301308e-07,6.926422535136709e-13,78.05613203342104,68.05613203342104
1.5,clear,13.023020592553765,0.03693870188703624,42148.65293829749,37640.48664457041,37803.59728308331,41.63772440843473,39.487870882509284,206.88566530712046,205.58428748164386,0.0,0.0,127.22985182558051,14.081087660840552,14.967964877702855,11.491626777201134,4.491626777201134,10.997409525225574,3.9974095252255744,25.59806281646118,15.682986304956177,30.0,2.6334906457375707e-07,6.914949720025814e-13,78.05874857002519,68.05874857002519
1.6666666666666665,clear,13.025422040187333,0.03623209058104026,42147.05197320844,37638.95678833995,37801.98597804159,41.63663521718408,39.487861931972105,206.88531227150338,205.58391725454777,0.0,0.0,127.22985312991362,14.081440696457634,14.96833506027599,11.491987513918048,4.491987513918048,10.997678354820213,3.997678354820213,25.597538654144966,15.68247749947279,30.0,2.6313644043495085e-07,6.904006414940261e-13,78.06124827260338,68.06124827260338
1.8333333333333333,clear,13.027774830214666,0.03545613130833612,42145.483446523554,37637.464901274325,37800.41399300692,41.63547486747617,39.48776716844757,206.88496798397975,205.58355604674142,0.0,0.0,127.22986693953905,14.081784983981265,14.968695796695812,11.492339189010693,4.492339189010693,10.99793442806902,3.997934428069019,25.596969984086297,15.681923974963867,30.0,2.629340534439269e-07,6.893597873762216e-13,78.06362939275725,68.06362939275725
2.0,clear,13.03007445941219,0.03461230924951784,42143.95036039187,37636.013838481,37798.88433647539,41.63424558934466,39.487586776888364,206.8846331045111,205.5832045506796,0.0,0.0,127.22989322770557,14.082119863449918,14.969046395420833,11.49268112833633,4.492681128336329,10.998177607136807,3.9981776071368067,25.596361306322073,15.68133020252991,30.0,2.627419907832542e-07,6.883727409364779e-13,78.06589064412097,68.06589064412097
2.1666666666666665,clear,13.032316526305781,0.03370223947407501,42142.45564912948,37634.60637689806,37797.39993589601,41.632949745424746,39.487321106992766,206.8843082750904,205.5828634402735,0.0,0.0,127.22993194383439,14.08244469287061,14.969386184266511,11.493012676344279,4.493012676344279,10.998407801471838,3.9984078014718385,25.59571741189302,15.680700944695465,30.0,2.625603031485279e-07,6.874396508412628e-13,78.06803118018395,68.06803118018395
2.333333333333333,clear,13.034496739595166,0.032727663849161245,42141.00217360322,37633.24520998212,37795.963632069936,41.63158982635584,39.48697067250145,206.88399411850526,205.58253336959183,0.0,0.0,127.22998301361798,14.082758849455757,14.969714511701113,11.49333319733934,4.493333197339339,10.998624965150036,3.998624965150036,25.595043345888847,15.680041218524543,30.0,2.623890069914944e-07,6.865604954019045e-13,78.07005056962763,68.07005056962763
2.5,clear,13.036610926367432,0.03169044770567264,42139.59271575505,37631.93294255629,37794.57817371572,41.63016844593473,39.486536150174,206.8836912371379,205.5822149715998,0.0,0.0,127.23004633916385,14.083061730823118,14.970030748101408,11.493642076706735,4.493642076706735,10.998829093975932,3.9988290939759317,25.59434436860219,15.679356256816412,30.0,2.6222808692757766e-07,6.857350955362441e-13,78.07194876939431,68.07194876939431
2.6666666666666665,clear,13.038655040083958,0.03059257626801756,42138.22997327736,37630.67208582789,37793.24621221099,41.62868833602909,39.48601837844738,206.8834002118036,205.5819088569384,0.0,0.0,127.230121799183,14.08335275615741,14.970334286967102,11.49393872209744,4.49393872209744,10.999020222369204,3.9990202223692037,25.593625915063427,15.678651467687528,30.0,2.620774982858628e-07,6.849631283198206e-13,78.07372609575631,68.07372609575631
2.833333333333333,clear,13.040625168325459,0.029436150854411106,42136.916554449694,37629.465052585576,37791.97029652065,41.62715234126169,39.485418355779316,206.8831216006309,205.5816156127463,0.0,0.0,127.23020924922271,14.083631367330128,14.970624546091216,11.49422256457072,4.49422256457072,10.999198420066376,3.999198420066376,25.592893553258705,15.677932392865628,30.0,2.619371697794896e-07,6.842441410206835e-13,78.07538319366083,68.07538319366083
3.0,clear,13.042517540280324,0.02822338485496675,42135.65497314645,37628.31415258494,37790.752868321244,41.62556341347601,39.48473723868021,206.88285593798457,205.5813358015265,0.0,0.0,127.23030852194313,14.083897029976441,14.970900968683566,11.494493059691848,4.494493059691848,10.999363788665054,3.999363788665054,25.592152941390985,15.677204664976355,30.0,2.618070062764686e-07,6.835775655248561e-13,78.07692100460542,68.07692100460542
3.1666666666666665,clear,13.044328533961936,0.026956599495283284,42134.44764402538,37627.22158813152,37789.59625733079,41.62392460599482,39.48397633943771,206.8826037334345,205.58106996006018,0.0,0.0,127.23041942743725,14.084149234526507,14.971163024446355,11.49474968858334,4.49474968858334,10.999516458046438,3.999516458046438,25.591409784457532,15.676473964197804,30.0,2.61686891644628e-07,6.829627330281894e-13,78.07834073337672,68.07834073337672
3.333333333333333,clear,13.046054683141117,0.02563821939363531,42133.29687790592,37626.18944986944,37788.502676853,41.62223906768321,39.483137123538775,206.88236547077204,205.58081859837012,0.0,0.0,127.23054175359373,14.08438749718897,14.971410210598094,11.494991958926619,4.494991958926619,10.9996565827038,3.9996565827037998,25.590669790532207,15.67574597456596,30.0,2.615766916510001e-07,6.823988889053195e-13,78.07964381391056,68.07964381391056
3.5,clear,13.047692683980468,0.02427076792027088,42132.204877346354,37625.219712783924,37787.47421954445,41.6205100368281,39.482221206794655,206.88214160707577,205.580582198735,0.0,0.0,127.23067526650142,14.084611360885248,14.971642052845652,11.495219405913218,4.495219405913218,10.999784338016187,3.9997843380161875,25.58993862703835,15.675026340323846,30.0,2.6147625688696394e-07,6.818852076212232e-13,78.08083187463855,68.08083187463855
3.6666666666666665,clear,13.049239401357898,0.022856862367698665,42131.17373242807,37624.31423242515,37786.51285341262,41.61874083484696,39.48123035217508,206.88193257182854,205.58036121475766,0.0,0.0,127.23081971089556,14.084820396132471,14.971858106300715,11.49543159314274,4.49543159314274,10.99989991649458,3.9998999164945808,25.58922187738512,15.674320622585666,30.0,2.6138542570008757e-07,6.814208076003492e-13,78.0819067035758,68.0819067035758
3.833333333333333,clear,13.050691874867217,0.02139920894120837,42130.20541675519,37623.47474136074,37785.62041805268,41.616934859838146,39.480166466357815,206.88173876608784,205.58015607048793,0.0,0.0,127.23097481064411,14.085014201873179,14.972057956340336,11.495628113466381,4.495628113466381,11.000003524039688,4.000003524039688,25.58852499827423,15.673634256700218,30.0,2.613040271042448e-07,6.810047659206681e-13,78.08287021351335,68.08287021351335
4.0,clear,13.052047324484338,0.019900597579212895,42129.30178367711,37622.702845863525,37784.7986211299,41.61509557998612,39.47903159600115,206.88156056171078,205.57996715960275,0.0,0.0,127.23114026927378,14.08519240625023,14.972241219408772,11.495808589774029,4.495808589774029,11.00009537624139,4.00009537624139,25.587853278009277,15.672972510604337,30.0,2.6123188364677394e-07,6.806361327368761e-13,78.08372440759636,68.08372440759636
4.166666666666666,clear,13.053303155888221,0.018363896613325884,42128.46456274119,37622.00002284115,37784.049035114724,41.61322652683479,39.477827923746986,206.88139830063528,205.57979484464482,0.0,0.0,127.23131577053448,14.085354667325731,14.97240754375963,11.495972675723522,4.495972675723522,11.000175694755884,4.0001756947558835,25.587211796144725,15.672340444506073,30.0,2.611688142067029e-07,6.803139453119565e-13,78.08447134562257,68.08447134562257
4.333333333333333,clear,13.054456965426384,0.016792047278394985,42127.69535638241,37621.36761701292,37783.37309427639,41.61133128844266,39.4765577639626,206.88125229421894,205.5796394563212,0.0,0.0,127.2315009790013,14.085500673742075,14.97255661013682,11.496120056410604,4.496120056410604,11.000244703791203,4.0002447037912034,25.586605384736025,15.671742872192542,30.0,2.6111463670213925e-07,6.80037241557107e-13,78.08511311134751,68.08511311134751
4.5,clear,13.055506544715481,0.015188058082999275,42126.99563685634,37620.806838339835,37782.77209194109,41.609413502433256,39.47522355823016,206.88112282263734,205.57950129286337,0.0,0.0,127.2316955407128,14.085630145323677,14.972688132392364,11.496250448977918,4.496250448977918,11.000302626734499,4.0003026267344985,25.586038591552267,15.671184324271817,30.0,2.610691706827664e-07,6.798050729678986e-13,78.08565178110746,68.08565178110746
4.666666666666666,clear,13.056449884868131,0.013554999051184789,42126.36674342125,37620.31875971216,37782.247178019825,41.60747684895506,39.47382787059288,206.8810101343419,205.57938061945035,0.0,0.0,127.23189908384454,14.085742833619122,14.972801858040725,11.496363603162663,4.4963636031626635,11.00034968294888,4.00034968294888,25.585515645471062,15.670669013599305,30.0,2.610322397875067e-07,6.796165168652316e-13,78.0860893940184,68.0860893940184
4.833333333333333,clear,13.057285180337914,0.011895995846460141,42125.80987977472,37619.90431489928,37781.79935681046,41.60552504356488,39.47237338256789,206.88091444557972,205.57927766769535,0.0,0.0,127.23211121941635,14.085838522381295,14.972897568747499,11.496459301780462,4.496459301780462,11.000386084772728,4.000386084772728,25.585040424353515,15.670200803203542,30.0,2.6100367404335433e-07,6.794706878275148e-13,78.0864279240583,68.0864279240583
5.0,clear,13.058010832375167,0.0102142237892986,42125.32611174989,37619.56429676561,37781.4294850785,41.603561830048896,39.470862887935795,206.8808359399752,205.57919263519761,0.0,0.0,127.23233154203234,14.0859170279858,14.972975080752747,11.496537361146025,4.496537361146025,11.000412034743164,4.000412034743164,25.58461642563381,15.669783176887876,30.0,2.6098331198991464e-07,6.793667482433789e-13,78.08666925423411,68.08666925423411
5.166666666666666,clear,13.058625452086995,0.00851290177959691,42124.916365275334,37619.299355756,37781.13827042007,41.60159097319546,39.469299287317426,206.88077476817492,205.5791256851598,0.0,0.0,127.23255963065192,14.085978199786098,14.97303424522704,11.49659763142877,4.49659763142877,11.000427723075322,4.0004277230753225,25.58424673985057,15.66941921281089,30.0,2.609710026061987e-07,6.79303917872443e-13,78.0868151531284,68.0868151531284
5.333333333333333,clear,13.059127863095588,0.006795286135723578,42124.58142460294,37619.10999865339,37780.92626991006,41.59961625153422,39.46768558254892,206.88073104755642,205.5790769460724,0.0,0.0,127.23279504939083,14.08602192040459,14.973074948559685,11.496639996942477,4.496639996942477,11.000433325412992,4.000433325412992,25.583934027313934,15.669111560172627,30.0,2.60966607028666e-07,6.792814823638494e-13,78.08686725397052,68.08686725397052
5.5,clear,13.059517103789808,0.005064664361948403,42124.32193080679,37618.99658761131,37780.79388903829,41.59764145005578,39.4660248708664,206.88070486200127,205.57904651146504,0.0,0.0,127.23303734835011,14.086048105959748,14.973097112579211,11.496664376369594,4.496664376369594,11.000429000874203,4.0004290008742025,25.58368049808948,15.668862419213664,30.0,2.6097000004294943e-07,6.792988006480181e-13,78.08682703645181,68.08682703645181
5.666666666666666,clear,13.059792429165702,0.003324348856182373,42124.1383805562,37618.95933946277,37780.74138093556,41.59567035292605,39.4643203389118,206.88069626173285,205.57903443972552,0.0,0.0,127.23328606447207,14.086056706228163,14.97310069470501,11.496670722918495,4.496670722918495,11.00041489041213,4.000414890412131,25.5834878954674,15.668673524716048,30.0,2.609810713340804e-07,6.793553111278604e-13,78.08669581147446,68.08669581147446
5.833333333333333,clear,13.059953312252434,0.0015776705700714295,42124.03112516504,37618.998325306995,37780.76884589096,41.593706736209754,39.462575256572066,206.88070526321962,205.57904075398713,0.0,0.0,127.23354072242113,14.08604770474139,14.973085688030068,11.496659024414072,4.496659024414072,11.000391115498566,4.000391115498566,25.583357482993495,15.668546133057951,30.0,2.6099972649006296e-07,6.794505366462444e-13,78.0864747089016,68.0864747089016
6.0,clear,13.059999445120907,-0.00017202736642168,42124.0003699194,37619.11347037495,37780.876231161645,41.59175436061715,39.460792970663626,206.88073184914342,205.57906544208407,0.0,0.0,127.23380083548834,14.086021118817598,14.973052121334462,11.496629303321185,4.4966293033211855,11.0003577771475,4.000357777147499,25.58329003523702,15.668481012977749,30.0,2.610258877454072e-07,6.795840881628775e-13,78.08616466847185,68.08616466847185
6.166666666666666,clear,13.059930739473137,-0.0019213960437445847,42124.046173684575,37619.30455417349,37781.06333107502,41.58981696428821,39.45897689847511,206.88077596843326,205.57910845657545,0.0,0.0,127.23406590651749,14.085976999527759,14.973000059029971,11.496581616701235,4.496581616701235,11.000314955283942,4.000314955283942,25.583285832279007,15.668478440092903,30.0,2.6105949446075765e-07,6.797556671221271e-13,78.08576643392611,68.08576643392611
6.333333333333333,clear,13.059747326811248,-0.0036670871825446507,42124.1684487925,37619.571210908274,37781.329787423536,41.58789825562785,39.45713052118069,206.8808375363646,205.57916971483746,0.0,0.0,127.23433542885142,14.085915431596419,14.972929601035332,11.496516056101385,4.496516056101385,11.000262708463595,4.000262708463595,25.58334465803474,15.668538195216833,30.0,2.611005033342286e-07,6.799650664890022e-13,78.08528055039832,68.08528055039832
6.5,clear,13.05944955818579,-0.005405759542252146,42124.366961209475,37619.91293018431,37781.675090151046,41.58600190620653,39.45525737713715,206.8809164347237,205.57924909922372,0.0,0.0,127.23460888729645,14.085836533237313,14.972840882583284,11.496432747377483,4.496432747377483,11.000201073945787,4.000201073945787,25.583465802368895,15.668659566496196,30.0,2.6114888834233797e-07,6.802121704416565e-13,78.08470736509362,68.08470736509362
6.666666666666666,clear,13.059038003523815,-0.007134085316191138,42124.64133098412,37620.32905798299,37782.09857832943,41.584131543739176,39.45336105507797,206.8810125120366,205.57934645729364,0.0,0.0,127.23488575910338,14.085740455924423,14.97273407395835,11.496331850450048,4.496331850450048,11.000130068115645,4.000130068115645,25.58364806703255,15.668841355326112,30.0,2.6120464041337175e-07,6.804969527329765e-13,78.08404703121529,68.08404703121529
6.833333333333333,clear,13.058513450538054,-0.008848756500978182,42124.99103297463,37620.818797913664,37782.599441423896,41.5822907451565,39.45144518721731,206.88112558386257,205.57946160210798,0.0,0.0,127.2351655149631,14.085627384098444,14.972609380167569,11.496213558994853,4.496213558994853,11.00004968725446,4.00004968725446,25.583889775331222,15.66908188603988,30.0,2.6126776683345364e-07,6.808194737201368e-13,78.08329951513115,68.08329951513115
7.0,clear,13.057876903219238,-0.010546491228017497,42125.41539785384,37621.381212737346,37783.17672084416,41.58048302978127,39.449513442277684,206.88125543315164,205.5795943125912,0.0,0.0,127.23544762001498,14.085497534809377,14.972467040543592,11.496078100067677,4.4960781000676775,10.99995990864548,3.9999599086454793,25.58418878547627,15.669379019251943,30.0,2.613382903947e-07,6.811798761062648e-13,78.08246460666057,68.08246460666057
7.166666666666666,clear,13.057129579914458,-0.012224040044974321,42125.91361339036,37622.01522615963,37783.82931177867,41.57871185262275,39.447569518454706,206.8814018106645,205.57974433395987,0.0,0.0,127.23573153486599,14.085351157296515,14.972307328281573,11.49592573366499,4.49592573366499,10.999860692006706,3.999860692006706,25.584542507524457,15.669730168777306,30.0,2.614162482912225e-07,6.815783794195387e-13,78.0815419324037,68.0815419324037
7.333333333333333,clear,13.056272910995268,-0.013878192135204033,42126.48472600315,37622.71962488953,37784.55596530853,41.57698059780187,39.44561713633243,206.88156443545523,205.57991137821637,0.0,0.0,127.23601671661896,14.085188532505782,14.97213054991019,11.495756752220515,4.495756752220515,10.999751981236027,3.9997519812360274,25.584947923743904,15.670132322004482,30.0,2.6150169077354415e-07,6.820152732787777e-13,78.08053097197575,68.08053097197575
7.5,clear,13.055308536119957,-0.01550578146323241,42127.127642586696,37623.493060960056,37785.35529079689,41.57529257211932,39.44366003176282,206.8817429954149,205.5800951247065,0.0,0.0,127.23630261990775,14.085009972546118,14.971937044698876,11.495571480039587,4.495571480039587,10.999633706449558,3.9996337064495577,25.585401612281842,15.670582063536617,30.0,2.615946795753371e-07,6.824909095105121e-13,78.07943107696875,68.07943107696875
7.666666666666666,clear,13.054238301095259,-0.01710369283452539,42127.841132603164,37624.334054306375,37786.22575854927,41.57365099877856,39.44170194872312,206.88193714787542,205.58029522074065,0.0,0.0,127.23658869793738,14.084815820085595,14.971727184001054,11.495370272671465,4.495370272671465,10.999505786295174,3.999505786295174,25.58589977392808,15.671075601950626,30.0,2.616952861253949e-07,6.830056931772605e-13,78.07824149247294,68.07824149247294
7.833333333333333,clear,13.053064254343488,-0.0186688678579496,42128.623830437675,37625.24099559642,37787.165702739745,41.572059011275435,39.43974663216476,206.88214652027253,205.58051128227623,0.0,0.0,127.23687440352757,14.084606447688486,14.971501370536146,11.495153516221762,4.495153516221762,10.999368130517286,3.9993681305172863,25.58643826179779,15.671608799445432,30.0,2.618035895622875e-07,6.835600725991714e-13,78.07696138093412,68.07696138093412
8.0,clear,13.051788642981876,-0.02019831079951128,42129.47423801208,37626.21214930865,37788.173324597534,41.570519647465595,39.43779782086714,206.88237071086593,205.5807428946611,0.0,0.0,127.23715919015702,14.084382257095086,14.971260037610449,11.49492162660573,4.494921626605731,10.99922064274973,3.99922064274973,25.587012613667838,15.672177204178189,30.0,2.6191967456838625e-07,6.841545284461545e-13,78.07558984813271,68.07558984813271
8.166666666666666,clear,13.050413908521604,-0.021689094316170263,42130.390727652266,37627.245657051186,37789.24669584773,41.569035843820416,39.435859240309966,206.8826092895161,205.58098961343552,0.0,0.0,127.23744251300707,14.084143678444917,14.971003648279577,11.494675048744298,4.494675048744298,10.999063223506754,3.999063223506754,25.58761808675941,15.672776085001745,30.0,2.6204362904526736e-07,6.847895620051125e-13,78.07412597100375,68.07412597100375
8.333333333333332,clear,13.048942682194763,-0.023138365058753926,42131.37154520349,37628.339541115616,37790.383762399564,41.56761042988228,39.43393459557768,206.88286179851553,205.58125096519183,0.0,0.0,127.23772383000255,14.08389116944548,14.970732694453204,11.494414255703987,4.494414255703987,10.998895773346561,3.998895773346561,25.58824969466449,15.673400468375576,30.0,2.6217554164888114e-07,6.854656827072001e-13,78.07256882706096,68.07256882706096
8.5,clear,13.047377779918206,-0.024543349133247436,42132.41481338786,37629.49170825925,37791.58234827545,41.56624612292873,39.432027564308925,206.88312775347302,205.58152644848968,0.0,0.0,127.23800260284764,14.083625214487995,14.970447695944586,11.494139747783038,4.494139747783038,10.99871819617649,3.9987181961764904,25.58890224616316,15.674045177154222,30.0,2.6231549920707395e-07,6.86183395021244e-13,78.07091752513635,68.07091752513635
8.666666666666666,clear,13.045722196903888,-0.025901357410007382,42133.51853539741,37630.699953708085,37792.84015977301,41.56494552285559,39.43014178970461,206.88340664424896,205.58181553482495,0.0,0.0,127.23827829805512,14.08334632371205,14.970149199466505,11.493852051545133,4.493852051545133,10.998530402666667,3.998530402666667,25.589570385604155,15.674704870940579,30.0,2.624635840436895e-07,6.869431848280357e-13,78.0691712371269,68.0691712371269
8.833333333333332,clear,13.043979101926062,-0.02720979067073705,42134.68059871596,37631.961965373215,37794.154789852255,41.563711107287716,39.428280873607434,206.8836979359404,205.58211766965098,0.0,0.0,127.23855038796682,14.08305503202061,14.969837777575094,11.493551718802479,4.493551718802479,10.998332313741454,3.9983323137414537,25.59024863458252,15.675374087712564,30.0,2.6261987123160206e-07,6.877455053796235e-13,78.06732923046239,68.06732923046239
9.0,clear,13.042151831256266,-0.028466144583372023,42135.89877916249,37633.275328272415,37795.52372273958,41.562545226926595,39.42644836966558,206.8840010699132,205.5824322734492,0.0,0.0,127.23881835176337,14.082751898047803,14.969514027564884,11.493239325550988,4.493239325550988,10.998123864115886,3.998123864115886,25.590931434537882,15.676047286403797,30.0,2.627844257986576e-07,6.885907629565645e-13,78.06539090098913,68.06539090098913
9.166666666666666,clear,13.040243882277718,-0.02966801449535398,42137.170745148185,37634.637529148575,37796.94433873971,41.56145010114259,39.424647776593524,206.88431546487988,205.5827587428479,0.0,0.0,127.2390816764613,14.082437503081138,14.969178570315933,11.492915470858733,4.492915470858733,10.997905005841954,3.997905005841954,25.591613189987893,15.676718890096296,30.0,2.629572999123536e-07,6.894793023458819e-13,78.06335580594241,68.06335580594241
9.333333333333332,clear,13.03825890679135,-0.03081310003611898,42138.4940621391,37636.045961276184,37798.413919246515,41.56042781381973,39.42288253154206,206.88464051802032,205.58309645178645,0.0,0.0,127.23933985789569,14.082112449940695,14.968832049096022,11.49258077571055,4.49258077571055,10.997675711832931,3.9976757118329314,25.592288312062305,15.677383329505677,30.0,2.631385300666455e-07,6.904113922495601e-13,78.06122369671107,68.06122369671107
9.5,clear,13.036200704026296,-0.031899209519990444,42139.8661973158,37637.49792944654,37799.929651942926,41.5594803094603,39.42115600358982,206.88497560614383,205.5834447527227,0.0,0.0,127.2395924016864,14.081777361817188,14.968475128320506,11.492235881811084,4.492235881811084,10.997435979333066,3.9974359793330656,25.592951261975195,15.678035086435077,30.0,2.6332813429494087e-07,6.913872107383088e-13,78.05899455109089,68.05899455109089
9.666666666666666,clear,13.034073213368178,-0.03292426414105015,42141.284524421215,37638.99065512245,37801.48863618029,41.55860938955594,39.41947148736854,206.88532008689012,205.58380297788148,0.0,0.0,127.23983882418591,14.081432881070896,14.968108492271199,11.491881450347691,4.491881450347691,10.997185833295141,3.9971858332951413,25.593596594136862,15.678668736815295,30.0,2.6352610943745853e-07,6.92406830886482e-13,78.05666860467694,68.05666860467694
9.833333333333332,clear,13.031880506819162,-0.03388630195195818,42142.74632878722,37640.52128175234,37803.08788852678,41.557816709231574,39.41783219683306,206.88567329996613,205.5841704405412,0.0,0.0,127.2400786534072,14.081079667994885,14.967732843778322,11.491518160717192,4.491518160717192,10.996925329643025,3.996925329643025,25.59421899855003,15.679278993087884,30.0,2.6373242847966985e-07,6.934702066665543e-13,78.05424638118218,68.05424638118218
10.0,clear,13.029626781204172,-0.03478348161910633,42144.24881253055,37642.086880233735,37804.72434847407,41.557103774167665,39.416241259187956,206.88603456841741,205.58454643635645,0.0,0.0,127.24031142992966,14.0807183995436,14.96734890286686,11.491146709217603,4.4911467092176025,10.99665455837641,3.9966545583764095,25.594813342169086,15.679860745492588,30.0,2.6394703799462275e-07,6.945771592656958e-13,78.0517287212843,68.0517287212843
10.166666666666666,clear,13.027316350138197,-0.035614085946917666,42145.789099907866,37643.68445451557,37806.39488429176,41.55647193780642,39.41470170898159,206.88640319993056,205.5849302447142,0.0,0.0,127.24053670778135,14.080349768030459,14.966957405370323,11.490767807707982,4.490767807707982,10.996373646499006,3.9963736464990056,25.59537470889948,15.680409102051438,30.0,2.641698557032157e-07,6.957273638914934e-13,78.04911680982639,68.04911680982639
10.333333333333332,clear,13.024953635770053,-0.03637652516454679,42147.36424281997,37645.310947329,37808.096299018114,41.55592239884597,39.41321648237834,206.88677848816494,205.5853211301203,0.0,0.0,127.24075405529594,14.079974479796078,14.966559101515031,11.490382182239074,4.490382182239074,10.996082760733753,3.996082760733753,25.595898437966834,15.680919426855658,30.0,2.644007681808221e-07,6.969203372101274e-13,78.04641220103221,68.04641220103221
10.5,clear,13.022543160318437,-0.037069339968690135,42148.97122645438,37646.963246035186,37809.82533657564,41.55545619902748,39.411788411619234,206.88715971411054,205.58571834361362,0.0,0.0,127.24096305594261,14.079593253850476,14.9661547544776,11.489990571657358,4.4899905716573585,10.995782110003596,3.9957821100035957,25.596380160280837,15.681387376421036,30.0,2.646396287272155e-07,6.981554255029154e-13,78.04361684153704,68.04361684153704
10.666666666666666,clear,13.020089537416421,-0.037691204316682145,42150.60697505572,37648.63818857946,37811.578688000074,41.55507422121808,39.4104202196812,206.8875461474696,205.5861211242065,0.0,0.0,127.24116330912734,14.079206820491407,14.965745138917242,11.489593726184808,4.489593726184808,10.995471947647772,3.995471947647772,25.596815832604946,15.681808933775425,30.0,2.648862554240071e-07,6.994317936669893e-13,78.04073309095453,68.04073309095453
10.833333333333332,clear,13.017597463280993,-0.03824092796453165,42152.268357812674,37650.33256954012,37813.35299777059,41.55477718779313,39.40911451514434,206.88793704805914,205.58652870034598,0.0,0.0,127.24135443096392,14.07881591990187,14.965331039488092,11.489192405978173,4.489192405978173,10.995152573356997,3.9951525733569966,25.597201769201217,15.682180440077476,30.0,2.651404293935895e-07,7.007484151355784e-13,78.03776373982528,68.03776373982528
11.0,clear,13.015071707724532,-0.03871745874504049,42153.95219485031,37652.04314626047,37815.144870229335,41.55456565932022,39.407873787276536,206.8883316672321,205.586940291396,0.0,0.0,127.24153605501334,14.078421300728905,14.964913249331943,11.48878737966902,4.48878737966902,10.99482433479983,3.99482433479983,25.597534670733204,15.682498623460233,30.0,2.6540189328290283e-07,7.02104062844064e-13,78.03471202468998,68.03471202468998
11.166666666666666,clear,13.01251710502542,-0.03911988458164417,42155.65526331639,37653.76664505239,37816.950876077964,41.554440033547,39.40670040134422,206.88872924931354,205.5873551091354,0.0,0.0,127.24170783298996,14.078023718647472,14.96449256855604,11.488379422889125,4.488379422889125,10.994487628927416,3.9944876289274163,25.59781165020826,15.682760624924573,30.0,2.656703499840255e-07,7.034973013123379e-13,78.03158164016814,68.03158164016814
11.333333333333332,clear,13.009938544675268,-0.03944743523411995,42157.37430354982,37655.49976745945,37818.76755893869,41.55440054469419,39.40559659415762,206.88912903305004,205.5877723592697,0.0,0.0,127.24186943543317,14.077623934910974,14.964069802698475,11.487969316782511,4.487969316782511,10.994142902936389,3.994142902936389,25.5980302557346,15.68296402104943,30.0,2.659454616099502e-07,7.049264799497791e-13,78.02837674785508,68.02837674785508
11.5,clear,13.007340962020463,-0.03969948377282123,42159.10602531969,37657.2391965679,37820.59144196755,41.55444726305467,39.404564469858606,206.88953025306887,205.58819124295442,0.0,0.0,127.24202055234315,14.077222714892144,14.963645761183102,11.487557846507954,4.487557846507954,10.993790654879597,3.9937906548795965,25.59818848995785,15.683106843374645,30.0,2.662268487366242e-07,7.063897276540209e-13,78.02510198194184,68.02510198194184
11.666666666666666,clear,13.004729328815948,-0.03987554777861653,42160.8471141227,37658.981603353015,37822.4190345068,41.55458009489947,39.40360599595853,206.88993214134425,205.58861095832543,0.0,0.0,127.24216089377953,14.076820826616768,14.963221255768872,11.487145799734662,4.487145799734662,10.99343143390859,3.99343143390859,25.598284825969245,15.683187594253017,30.0,2.665140899273585e-07,7.078849488042431e-13,78.02176245140949,68.02176245140949
11.833333333333332,clear,13.00210864370932,-0.03997529026623623,42162.59423752712,37660.72365304917,37824.2468387643,41.55479878268987,39.40272299963318,206.89033392866816,205.58903070203468,0.0,0.0,127.24229019042163,14.076419039292858,14.962797098994884,11.486733965133709,4.486733965133709,10.993065840146222,3.9930658401462225,25.598318219624666,15.683205259123216,30.0,2.6680672154471154e-07,7.094098206946427e-13,78.01836373878267,68.01836373878267
12.0,clear,12.999483922673454,-0.0399985203292601,42164.34405155103,37662.462011531075,37826.07135650664,41.55510290559555,39.401917164281585,206.8907348461226,205.5894496707881,0.0,0.0,127.24240819408948,14.076018121838416,14.962374102624693,11.486323130868243,4.486323130868243,10.99269452417665,3.9926945241766507,25.59828811811812,15.683159315038269,30.0,2.6710423786423827e-07,7.109617925052014e-13,78.0149118953262,68.0149118953262
12.166666666666666,clear,12.996860189405965,-0.03994519350551079,42166.09320706269,37664.19335169411,37827.88909575334,41.55549188031729,39.40119002635472,206.8911341265503,205.5898670628822,0.0,0.0,127.24251467822418,14.075618841410716,14.961953076093494,11.485914083085987,4.485914083085987,10.992318186152755,3.9923181861527546,25.59819446480377,15.683049735405776,30.0,2.6740609149468296e-07,7.125380858581375e-13,78.01141343268466,68.01141343268466
12.333333333333332,clear,12.994242465713882,-0.039815411862154135,42167.83835619075,37665.91435982172,37829.69657745962,41.555964962212585,39.4005429724597,206.8915310060217,205.5902820797371,0.0,0.0,127.2426094383269,14.07522196193932,14.961534824959983,11.485507604415744,4.485507604415744,10.991937574523453,3.991937574523453,25.59803770016686,15.682876990948795,30.0,2.6771169410761713e-07,7.141356970020276e-13,78.00787531099034,68.00787531099034
12.5,clear,12.991635761901955,-0.03960942380034332,42169.57615873203,37667.62174192728,37831.49034217436,41.55652124672191,39.39997723674499,206.89192472529493,205.59069392742248,0.0,0.0,127.24269229235557,14.074828242666086,14.961120149366877,11.485104472471619,4.485104472471619,10.991553484374965,3.9915534843749647,25.597818758987557,15.682642046779122,30.0,2.6802041748647227e-07,7.157514007040138e-13,78.00430492338424,68.00430492338424
12.666666666666666,clear,12.989045067182959,-0.039327623579780834,42171.303288544696,37669.31223005882,37833.26695666118,41.5571596710931,39.399493898571066,206.89231453126587,205.59110181817414,0.0,0.0,127.24276308107848,14.074438436695146,14.960709842512387,11.484705458367856,4.484705458367856,10.991166755399277,3.991166755399277,25.597539063679132,15.682346355697518,30.0,2.683315948897337e-07,7.173817558526227e-13,78.00071007707507,68.00071007707507
12.833333333333332,clear,12.986475340128374,-0.03897055056410815,42173.01643991442,37670.982588554005,37835.02302046944,41.557879016400314,39.39909388047063,206.89269967840613,205.5915049718979,0.0,0.0,127.24282166838404,14.074053289554882,14.960304689135569,11.484311325246239,4.484311325246239,10.990778269494363,3.9907782694943634,25.597200513881027,15.681991847739257,30.0,2.6864452273012736e-07,7.190231128109903e-13,77.99709897097983,67.99709897097983
13.0,clear,12.983931499177725,-0.038538888188567495,42174.712333881514,37672.62962023388,37836.75517244284,41.55867790985395,39.398777946402625,206.8930794301856,205.59190261765804,0.0,0.0,127.24286794154602,14.07367353777542,14.959905464019158,11.48392282682022,4.483922826820219,10.990388948003073,3.9903889480030728,25.596805472361975,15.681580916003233,30.0,2.6895846256970454e-07,7.206716225513316e-13,77.99348017001088,67.99348017001088
13.166666666666666,clear,12.981418413224707,-0.03803346265191166,42176.38772451686,37674.25017252317,37838.46009715321,41.55955482739736,39.39854670030253,206.89345306047736,205.59229399514737,0.0,0.0,127.24290181144394,14.073299907483658,14.95951293051155,11.48354070593686,4.483540705936861,10.989999748611176,3.989999748611176,25.59635674735942,15.681116398958677,30.0,2.692726434196971e-07,7.223232475429696e-13,77.98986257620143,67.98986257620143
13.333333333333332,clear,12.978940892298176,-0.0374552413350653,42178.03940513455,37675.84114348557,37840.13453124689,41.56050809658555,39.39840058493218,206.8938198549419,205.59267835613656,0.0,0.0,127.24292321273782,14.072933113019104,14.959127839071954,11.483165693161226,4.483165693161226,10.989611661911326,3.9896116619113258,25.595857571474717,15.68060155926646,30.0,2.695862643448308e-07,7.239737744221822e-13,77.98625539673345,67.98625539673345
13.5,clear,12.976503678355767,-0.03680533094956474,42179.66421442949,37677.39948776245,37841.775269691934,41.561535899740576,39.398339881031,206.89417911238843,205.59305496589968,0.0,0.0,127.24293210399725,14.072573855572585,14.958750925840093,11.482798505383755,4.482798505383755,10.989225707658552,3.9892257076585516,25.595311577296684,15.680040059364211,30.0,2.69898497356228e-07,7.256188283891716e-13,77.98266810910644,67.98266810910644
13.666666666666666,clear,12.974111436207837,-0.03608497541931982,42181.25904252811,37678.92222240356,37843.37917191379,41.56263627737815,39.39836470677038,206.8945301461104,205.59342310461312,0.0,0.0,127.24292846778425,14.072222821850602,14.958382911234708,11.482439844455257,4.482439844455257,10.988842930731483,3.988842930731483,25.594722769934602,15.679435933931117,30.0,2.7020849058581885e-07,7.272538893211474e-13,77.97911042358096,67.97911042358096
13.833333333333332,clear,12.971768744589042,-0.03529555349975227,42182.82083694064,37680.40643257868,37844.94316780807,41.563807131898905,39.398475017512155,206.89487228519295,205.59378206872577,0.0,0.0,127.24291231068995,14.071880682768068,14.958024498581977,11.48209039585062,4.482090395850619,10.988464396827267,3.9884643968272666,25.594095496674967,15.678793559504518,30.0,2.7051537172342136e-07,7.288743095261572e-13,77.97559224315651,67.97559224315651
14.0,clear,12.969480087394674,-0.0344385761388675,42184.34660840355,37681.84927715896,37846.46426361851,41.56504623153835,39.3986706058721,206.89520487578943,205.59413117229747,0.0,0.0,127.24288366332472,14.071548092171582,14.957676372777428,11.481750827364579,4.4817508273645785,10.988091187909308,3.9880911879093084,25.593434413992497,15.678117621418915,30.0,2.70818251704183e-07,7.304753330931711e-13,77.97212362126281,67.97212362126281
14.166666666666666,clear,12.96724984509852,-0.033515683585310894,42185.83343660099,37683.24799415769,37847.939547669186,41.566351214567746,39.39895110208801,206.8955272823656,205.59446974830325,0.0,0.0,127.24284258026213,14.071225685595408,14.957339198983675,11.481421787841413,4.481421787841413,10.98772439743972,3.9877243974397203,25.592744452159387,15.677413078377999,30.0,2.711162286229693e-07,7.320521167308558e-13,77.96871471746122,67.96871471746122
14.333333333333332,clear,12.965082286368656,-0.03252864224894321,42187.27847575423,37684.59990601968,37849.36619593974,41.567719593738786,39.39931597469249,206.89583888890775,205.59479714990124,0.0,0.0,127.24278913993642,14.070914079053267,14.957013621365974,11.48110390594158,4.4811039059415805,10.987365125420634,3.9873651254206344,25.592030777747276,15.676685124879226,30.0,2.714083918576536e-07,7.335997520120794e-13,77.96537575138102,67.96537575138102
14.5,clear,12.962981559897257,-0.0314793413199446,42188.67896006849,37685.902424749314,37850.741477473275,41.569148760964225,39.39976453148865,206.8961391000935,205.59511275166165,0.0,0.0,127.2427234444939,14.070613867867507,14.956700261868235,11.480797788946916,4.480797788946916,10.987014473280478,3.987014473280478,25.59129875427912,15.675939151845167,30.0,2.716938263727028e-07,7.351132888791549e-13,77.9621169552259,67.9621169552259
14.666666666666666,clear,12.960951686460023,-0.030369789152918047,42190.03220902665,37687.15305686738,37852.06275960597,41.57063599222582,39.40029592082799,206.89642734242324,205.59541595075453,0.0,0.0,127.24264561959862,14.070325625537777,14.956399719031992,11.480504021606947,4.480504021606947,10.986673538628114,3.9866735386281142,25.59055390135675,15.67518070566627,30.0,2.7197161718415847e-07,7.365877603116165e-13,77.95894852506392,67.95894852506392
14.833333333333332,clear,12.958996551220446,-0.029202109422912507,42191.3356325197,37688.349408187125,37853.327513009084,41.572178452701,39.40090913318776,206.89670306530917,205.59570616809413,0.0,0.0,127.24255581419231,14.070049902651846,14.956112566860213,11.480223165028676,4.480223165028676,10.986343409918192,3.9863434099181916,25.5898018525701,15.67441544607539,30.0,2.722408539494871e-07,7.38018207958532e-13,77.95588057130308,67.95588057130308
15.0,clear,12.957119896293632,-0.027978537060723906,42192.586735804245,37689.48918840047,37854.53331653304,41.57377320209912,39.401603003045594,206.89696574212053,205.59598284943792,0.0,0.0,127.2424542002096,14.069787225840486,14.955839353727924,11.4799557556114,4.4799557556114,10.986025161052723,3.986025161052723,25.58904831249893,15.673649103081802,30.0,2.725006356596939e-07,7.393997086053637e-13,77.95292306858444,67.95292306858444
15.166666666666666,clear,12.955325313583923,-0.02670141397525347,42193.78312427738,37690.57021546541,37855.6778618448,41.575417200197776,39.40237621104779,206.89721487118345,205.59624546643795,0.0,0.0,127.24234097224844,14.069538096777563,14.955580601342149,11.479702304028976,4.479702304028976,10.985719845961789,3.985719845961789,25.588299013147907,15.672887433377463,30.0,2.727500753954294e-07,7.407274012560611e-13,77.95008580549121,67.95008580549121
15.333333333333332,clear,12.95361623791001,-0.025373184571110242,42194.92250805999,37691.590419786364,37856.75895784928,41.57710731256911,39.40322728646817,206.89744997673273,205.59649351764267,0.0,0.0,127.24221634719693,14.069302991228284,14.955336803752886,11.479463294261123,4.479463294261123,10.985428493193076,3.9854284931930763,25.587559670152388,15.67213617648003,30.0,2.729883051186486e-07,7.419965146574754e-13,77.94737833434827,67.94737833434827
15.5,clear,12.95199594043072,-0.02399639107003801,42196.00270637952,37692.547848179354,37857.774534886456,41.57884031648619,39.40415460995293,206.89767060981416,205.5967265294479,0.0,0.0,127.24208056381684,14.069082358146858,14.95510842641616,11.47923918267557,4.47923918267557,10.985152100548145,3.985152100548145,25.58683593908231,15.671401010973856,30.0,2.732144804637312e-07,7.43202395046305e-13,77.94480992146397,67.94480992146397
15.666666666666666,clear,12.95046752238404,-0.022573668645120816,42197.02165174398,37693.44066761435,37858.72264869621,41.5806129069984,39.40515641654663,206.89787634913608,205.596944056994,0.0,0.0,127.24193388228487,14.06887661882493,14.954895905312583,11.479030397163086,4.479030397163086,10.984891629805146,3.984891629805146,25.58613337217099,15.670687511215203,30.0,2.734277854895891e-07,7.443405338809697e-13,77.9423894981812,67.9423894981812
15.833333333333332,clear,12.949033909151368,-0.021107740377080107,42197.97739389909,37694.26716872757,37859.60148414299,41.582421703165465,39.40623079899456,206.89806680186803,205.59714568500908,0.0,0.0,127.24177658369251,14.068686166092988,14.954699646121355,11.478837336326606,4.478837336326606,10.984648001557836,3.9846480015578365,25.585457375809337,15.670001104770018,30.0,2.7362743736159065e-07,7.454065953545985e-13,77.94012561301474,67.94012561301474
16.0,clear,12.947697844658355,-0.019601412042317305,42198.86810356109,37695.025769097214,37860.40935869347,41.584263254438405,39.40737571131534,206.89824160438528,205.59733102859553,0.0,0.0,127.24160896950535,14.068511363575738,14.954520023451948,11.478660368725855,4.478660368725855,10.984422090212057,3.984422090212057,25.584813169146223,15.669347030964737,30.0,2.738126909222142e-07,7.463964434281407e-13,77.93802638525472,67.93802638525472
16.166666666666664,clear,12.946461886123053,-0.018057566742677698,42199.69207591796,37695.715016276095,37861.14472564041,41.58613404717611,39.40858897263772,206.89840042295816,205.59749973395878,0.0,0.0,127.24143136098309,14.068352545002853,14.954357380135178,11.478499832179324,4.478499832179324,10.98421471917165,3.98421471917165,25.584205744076325,15.668730300838284,30.0,2.7398284311630134e-07,7.473061681560608e-13,77.9360994603325,67.9360994603325
16.333333333333332,clear,12.945328399161408,-0.016479159387213532,42200.4477338924,37696.33359057521,37861.806177066275,41.58803051128578,39.40986827129465,206.89854295438403,205.5976514790775,0.0,0.0,127.24124409856117,14.068210013576987,14.954212026574254,11.478356033124598,4.478356033124598,10.984026656246975,3.984026656246975,25.583639826936082,15.668155658790162,30.0,2.741372372354696e-07,7.481321110673729e-13,77.93435196725532,67.93435196725532
16.5,clear,12.944299553259498,-0.014869211036509069,42201.13363116034,37696.88030759339,37862.39244654137,41.58994902697511,39.411211169167636,206.8986689265621,205.59778597431287,0.0,0.0,127.2410475411954,14.068084041398919,14.954084240157727,11.478229246038083,4.478229246038083,10.983858609323537,3.983858609323537,25.58311984222137,15.667627546270012,30.0,2.7427526694238045e-07,7.488708893425361e-13,77.93279047845607,67.93279047845607
16.666666666666664,clear,12.943377317621149,-0.013230803120391767,42201.74845491923,37697.354120487646,37862.90241155094,41.59188593160374,39.41261510627343,206.89877809900852,205.59790296295716,0.0,0.0,127.24084206567083,14.06797486895249,14.953974264734399,11.478119712915387,4.478119712915387,10.983711222315737,3.983711222315737,25.58264987857668,15.667150067719302,30.0,2.743963800458297e-07,7.495194185806086e-13,77.93142097228937,67.93142097228937
16.833333333333332,clear,12.94256345739889,-0.011567071540097158,42202.29102840074,37697.75412198015,37863.3350956467,41.59383752662177,39.414077405585154,206.898870263312,205.59800222171947,0.0,0.0,127.24062806587617,14.067882704649008,14.953882310152636,11.47802764281343,4.47802764281343,10.98358507143865,3.9835850714386503,25.582233657318646,15.666726959063087,30.0,2.7450008199119256e-07,7.500749339173289e-13,77.93024879847769,67.93024879847769
17.0,clear,12.941859530315465,-0.00988120066617611,42202.76031312302,37698.079546097804,37863.68967031866,41.59580008458239,39.41559527807888,206.89894524352866,205.59808356114826,0.0,0.0,127.24040595204511,14.067807724432356,14.953808551863347,11.477953211454647,4.477953211454647,10.983480661825787,3.983480661825787,25.581874503754616,15.666361559001057,30.0,2.7458593903516914e-07,7.505350092794335e-13,77.9292786467658,67.9292786467658
17.166666666666664,clear,12.941266883682367,-0.008176417243631889,42203.15541087842,37698.32976964116,37863.96545658356,41.597769856215784,39.41716582799705,206.89900289651513,205.59814682599006,0.0,0.0,127.24017614996637,14.067750071445886,14.953753130588552,11.477896560894564,4.477896560894564,10.98339842451411,3.9833984245141103,25.581575321483907,15.666056783274504,30.0,2.746535810796866e-07,7.508975745953428e-13,77.92851451897953,67.92851451897953
17.333333333333332,clear,12.940786651821083,-0.006455984215952785,42203.47556545261,37698.50431337982,37864.16192628703,41.59974307755109,39.41878605831861,206.89904311219976,205.5981918954833,0.0,0.0,127.23993910016355,14.067709855761251,14.953716152055279,11.477857799252973,4.477857799252973,10.983338713824176,3.9833387138241765,25.581338569914514,15.665815102165062,30.0,2.747027041350663e-07,7.511609307597977e-13,77.9279597047464,67.9279597047464
17.5,clear,12.940419753892023,-0.004723194479861429,42203.72016407199,37698.60284297203,37864.278703116725,41.60171597707351,39.42045287642678,206.89906581379128,205.59821868358682,0.0,0.0,127.23969525704665,14.067687154169732,14.953697686796176,11.477837000509354,4.4778370005093535,10.98330180514831,3.98330180514831,25.581166245133595,15.66563852132383,30.0,2.7473307239559694e-07,7.513237622251329e-13,77.92761676099683,67.92761676099683
17.666666666666664,clear,12.940166892135242,-0.0029813645827335396,42203.888738576505,37698.625169606625,37864.31556332466,41.60368478290293,39.422163099963164,206.89907095792427,205.59822713914318,0.0,0.0,127.23944508803712,14.067682010036748,14.953697770015935,11.477834204362864,4.477834204362864,10.983287893171623,3.9832878931716227,25.58105986429751,15.6655285661642,30.0,2.747445199018491e-07,7.51385147049758e-13,77.92748749547563,67.92748749547563
17.833333333333332,clear,12.940028550526366,-0.0012338283747493003,42203.98096631576,37698.57125036613,37864.27243615731,41.605645729980736,39.42391346285834,206.89905853474158,205.59821724597532,0.0,0.0,127.23918907266767,14.06769443321943,14.95371640152544,11.477849416157241,4.477849416157241,10.98329709053257,3.98329709053257,25.581020453664966,15.665486269857396,30.0,2.7473695177997434e-07,7.513445643262367e-13,77.92757295432446,67.92757295432446
18.0,clear,12.94000499385026,0.0005160693720720172,42203.99667076649,37698.4411883103,37864.149403992546,41.60759506725135,39.42570062152739,206.8990285679133,205.59818902291775,0.0,0.0,127.23892770165898,14.067724400047723,14.95375354574199,11.477882606870537,4.477882606870537,10.983329426936866,3.9833294269368658,25.581048540330006,15.665512165067135,30.0,2.7471034504354325e-07,7.512018988928649e-13,77.92787341386382,67.92787341386382
18.166666666666664,clear,12.940096267194242,0.0022649793657424427,42203.93582187051,37698.23523228,37863.94670218325,41.60952906482484,39.42752116121896,206.89898111459212,205.59814252378106,0.0,0.0,127.23866147597508,14.067771853368896,14.953809131757055,11.477933713170145,4.477933713170145,10.983384848732896,3.9833848487328964,25.581144147782638,15.665606279484534,30.0,2.7466474894933183e-07,7.509574432721279e-13,77.92838837664932,67.92838837664932
18.333333333333332,clear,12.940302195861767,0.0040095542048267,42203.79853609215,37697.95377642161,37863.664718607855,41.61144402110722,39.42937160250631,206.89891626530584,205.5980778372508,0.0,0.0,127.23839090585905,14.067836702655171,14.953883053470406,11.478002637532256,4.478002637532256,10.983463218949483,3.983463218949483,25.58130679526399,15.665768135178455,30.0,2.746002849058118e-07,7.506118968253732e-13,77.92911657181028,67.92911657181028
18.5,clear,12.940622385706817,0.005746454785344814,42203.58507619546,37697.59735943305,37863.30399292865,41.613336269884506,39.43124840790794,206.8988341437859,205.5979950867197,0.0,0.0,127.23811650985117,14.06791882417511,14.953975169791192,11.478089248426627,4.4780892484266275,10.983564317799814,3.9835643177998143,25.58153550095504,15.665996751791727,30.0,2.7451714593183833e-07,7.501663621155953e-13,77.93005595970604,67.93005595970604
18.666666666666664,clear,12.941056223888278,0.0074723566917937675,42203.295850741146,37697.16666353275,37862.86521555925,41.6152021873475,39.43314798862588,206.89873490673392,205.59789443005513,0.0,0.0,127.23783881379121,14.068018061227093,14.954085304904595,11.47819338056496,4.47819338056496,10.983687843645873,3.983687843645873,25.58182878898762,15.666290653540774,30.0,2.744155956722195e-07,7.496223385258367e-13,77.93120374084783,67.93120374084783
18.833333333333332,clear,12.941602880042918,0.009183956560055507,42202.93141330472,37696.66251315362,37862.34922634323,41.61703819904312,39.43506671138845,206.89861874352528,205.5977760593006,0.0,0.0,127.23755834980713,14.068134224435738,14.954213248605043,11.478314835213979,4.478314835213979,10.98383341441814,3.9838334144181395,25.58218470020465,15.666647879968034,30.0,2.742959669776576e-07,7.489817131937264e-13,77.93255636903842,67.93255636903842
19.0,clear,12.942261307874702,0.010877978400012443,42202.49246141686,37696.08587336443,37861.7570129465,41.618840786739675,39.43700090538504,206.89848587585095,205.59764020031298,0.0,0.0,127.23727565529165,14.068267092110062,14.954358756693608,11.478453380570983,4.478453380570983,10.984000569480793,3.984000569480793,25.582600806577773,15.667066000376979,30.0,2.7415866006151796e-07,7.482467493554469e-13,77.93410956863927,67.93410956863927
19.166666666666664,clear,12.943030247157386,0.012551179865769611,42201.97983522841,37695.43784802166,37861.0897089664,41.620606495191865,39.43894686927951,206.8983365572981,205.5974871123355,0.0,0.0,127.23699127186934,14.068416410662905,14.954521551440479,11.478608752202874,4.478608752202874,10.984188771931013,3.984188771931013,25.583074229209963,15.66754213184597,30.0,2.7400414024827174e-07,7.474200722124955e-13,77.93585835586074,67.93585835586074
19.333333333333332,clear,12.94390822614659,0.014200358461482024,42201.39451590228,37694.71967765549,37860.34859176118,41.622331938793195,39.440900878289156,206.89817107287024,205.59731708750772,0.0,0.0,127.23670574435567,14.068581895090773,14.954701322110367,11.47878065354638,4.47878065354638,10.984397411311331,3.984397411311331,25.583601659754073,15.66807296064118,30.0,2.738329353373912e-07,7.4650465248746e-13,77.93779706388074,67.93779706388074
19.5,clear,12.944893564396695,0.015822357670909015,42200.737623735535,37693.9327370937,37859.53508000407,41.6240138081021,39.442859191315335,206.89798973844782,205.59713045031287,0.0,0.0,127.23641961971032,14.068763229513195,14.954897725551007,11.47896875646947,4.47896875646947,10.984625806723795,3.9846258067237947,25.58417938510654,15.668654766942216,30.0,2.7364563259923166e-07,7.455037878016173e-13,77.93991937168914,67.93991937168914
19.666666666666664,clear,12.945984375977222,0.017414072998964227,42200.01041601518,37693.07853282842,37858.65073096657,41.62564887622926,39.44481805811255,206.8977929001901,205.5969275569641,0.0,0.0,127.23613344598678,14.068960067770917,14.955110386842762,11.479172701892708,4.479172701892708,10.984873210315854,3.984873210315854,25.584803315176345,15.669283452610067,30.0,2.734428754356369e-07,7.444210820971636e-13,77.9422183363799,67.9422183363799
19.833333333333332,clear,12.947178573082468,0.018972457913697498,42199.21428461169,37692.158700130356,37857.69723753619,41.62723400507353,39.44677372648178,206.8975809338796,205.59670879473032,0.0,0.0,127.2358477712803,14.069172034081419,14.955338900008485,11.47939210046917,4.47939210046917,10.985138811120038,3.985138811120038,25.585469013518182,15.669954571855978,30.0,2.7322535972845444e-07,7.432604232793164e-13,77.94468642872565,67.94468642872565
20.0,clear,12.94847387002757,0.02049452967733539,42198.35075331495,37691.17499991645,37856.67642497431,41.62876615139377,39.44872244947465,206.89735424421025,205.5964745812032,0.0,0.0,127.2355631426759,14.069398723750766,14.955582828782724,11.479626533322133,4.479626533322133,10.985421739216296,3.985421739216296,25.58617173061434,15.67066336452989,30.0,2.729938299104686e-07,7.420259593146041e-13,77.94731557174816,67.94731557174816
20.166666666666664,clear,12.949867787623276,0.02197737505522044,42197.42147491781,37690.12931537671,37855.590247420616,41.63024237270489,39.45066049259387,206.8971132640205,205.5962253635064,0.0,0.0,127.2352801051991,14.06963970394051,14.95584170743814,11.479875552838635,4.479875552838635,10.985721070191557,3.9857210701915573,25.5869064395334,15.671404791817453,30.0,2.72749074788568e-07,7.407220729981819e-13,77.95009718204919,67.95009718204919
20.333333333333332,clear,12.95135765792111,0.02341815589172188,42196.428228052595,37689.02364836674,37854.440784150385,41.63165983298594,39.45258414097662,206.8968584534728,205.59596161744867,0.0,0.0,127.23499920077072,14.069894514488226,14.956115041668113,11.480138683517978,4.480138683517978,10.986035829861109,3.986035829861109,25.58766787369395,15.672173574025427,30.0,2.7249192315726746e-07,7.393533556458847e-13,77.9530222135749,67.9530222135749
20.5,clear,12.95294062931979,0.024814114542445417,42195.37291378681,37687.86011557301,37853.23023559222,41.63301580818878,39.45448970654631,206.89659029918113,205.59568384662208,0.0,0.0,127.2347209671683,14.070162668779886,14.956402309523895,11.480415422873222,4.480415422873222,10.98636499922409,3.98636499922409,25.588450566478556,15.672964230218387,30.0,2.7222323923410586e-07,7.379245799300972e-13,77.95608120355885,67.95608120355885
20.666666666666664,clear,12.954613672023187,0.026162579152345294,42194.25755198454,37686.640944458086,37851.960919113684,41.63430769153648,39.45637353511902,206.89630931328782,205.59539258144775,0.0,0.0,127.23444593699575,14.070443654673198,14.956702962404222,11.480705242384232,4.480705242384232,10.98670751961664,3.9867075196166404,25.58924889235001,15.673771119380014,30.0,2.7194391795522627e-07,7.364406721119564e-13,77.95926432030546,67.95926432030546
20.833333333333332,clear,12.956373583839325,0.027460968769636124,42193.08427744045,37685.36846899373,37850.635264582896,41.6355329986002,39.45823201345056,206.896016032492,205.5950883781698,0.0,0.0,127.23417463666352,14.070736935469,14.957016426096061,11.481007588500376,4.4810075885003755,10.987062298026107,3.987062298026107,25.590057109185558,15.674588482771144,30.0,2.7165488016909874e-07,7.349066839167191e-13,77.96256141247646,67.96256141247646
21.0,clear,12.958216996309359,0.02870679828571641,42191.85533579376,37684.045125189936,37849.25580971468,41.63668937214445,39.46006157621027,206.89571101703055,205.59477181780022,0.0,0.0,127.23390758538102,14.071041950930464,14.9573421018641,11.481321883691166,4.481321883691166,10.987428212535264,3.9874282125352636,25.59086940151048,15.67541048720566,30.0,2.713570677610156e-07,7.333277642662535e-13,77.96596205959267,67.96596205959267
21.166666666666664,clear,12.960140381154776,0.029897683191648868,42190.57307923015,37682.67344642861,37847.82519521018,41.63777458673081,39.46185871286776,206.89539484961432,205.59444350501624,0.0,0.0,127.23364529416325,14.071358118346694,14.957679367587446,11.481647527542819,4.481647527542819,10.987804117855072,3.987804117855072,25.591679924290602,15.676231268867992,30.0,2.710514387488064e-07,7.317091311188537e-13,77.96945562336772,67.96945562336772
21.333333333333332,clear,12.962140057030503,0.031031344142093947,42189.23996197966,37681.25605861081,37846.346159699264,41.638786553070325,39.463619974479,206.89506813432115,205.5941040670122,0.0,0.0,127.23338826485377,14.071684833639864,14.958027578940943,11.48198389789863,4.48198389789863,10.9881888509134,3.9881888509133994,25.592482846941472,15.677044977377362,30.0,2.707389623819341e-07,7.300560436170445e-13,77.97303129957157,67.97303129957157
21.5,clear,12.964212196570967,0.032105611317960615,42187.85853561936,37679.795675126785,37844.82153449542,41.63972332211593,39.46534198035801,206.89473149544784,205.59375415230843,0.0,0.0,127.2331369891655,14.072021472513171,14.958386070619213,11.482330352041231,4.482330352041231,10.98858123646027,3.98858123646027,25.593272397242337,15.677845819732896,30.0,2.704206142808133e-07,7.283737747621547e-13,77.97667817005882,67.97667817005882
21.666666666666664,clear,12.966352833715654,0.03311842857942492,42186.43144418956,37678.295091658605,37843.25423817316,41.64058308888581,39.467021424621386,206.89438557632312,205.5933944295186,0.0,0.0,127.23289194774146,14.072367391637897,14.95875415760122,11.4826862279144,4.4826862279143995,10.988980092655162,3.9889800926551615,25.59404290480062,15.678628103822659,30.0,2.700973716480099e-07,7.26667584800844e-13,77.98038525464192,67.98038525464192
21.833333333333332,clear,12.968557871300114,0.034067857401367266,42184.96141913326,37676.75718082535,37841.64727097852,41.641364196010294,39.468655082591845,206.89403103808394,205.5930255860788,0.0,0.0,127.2326536092371,14.072721929877076,14.959131136452584,11.483050845382053,4.483050845382053,10.989384236600937,3.9893842366009373,25.59478884375173,15.679386281169945,30.0,2.697702085826487e-07,7.249426955005324e-13,77.98414156248093,67.98414156248093
22.0,clear,12.970823088897907,0.03495208058369564,42183.45127406806,37675.18488668089,37840.00370908303,41.64206513699424,39.4702398170486,206.89366855841735,205.59264832693992,0.0,0.0,127.23242242942607,14.073084409543668,14.959516286663813,11.483423507522417,4.483423507522417,10.989792489786296,3.9897924897862964,25.595504874346993,15.680114988555118,30.0,2.694400915304884e-07,7.232042654892762e-13,77.98793614263565,67.98793614263565
22.166666666666664,clear,12.973144150898476,0.03576940572945398,42181.90389940102,37673.58121907524,37838.32669869262,41.64268455918836,39.47177258431159,206.89329883027023,205.59226337322602,0.0,0.0,127.23219885033093,14.073454137690788,14.959908872021515,11.483803501954654,4.483803501954654,10.99020368340782,3.9902036834078203,25.59618588312802,15.680809088249653,30.0,2.691079748934248e-07,7.214573667844297e-13,77.99175813351195,67.99175813351195
22.333333333333332,clear,12.975516614805462,0.036518268484058064,42180.32225679636,37671.94924788995,37836.6194500224,41.64322126646286,39.47325044014749,206.89292256052937,205.59187146086157,0.0,0.0,127.23198329938066,14.073830407431643,14.960308142009922,11.48419010219547,4.48419010219547,10.990616663535686,3.990616663535686,25.59682702139073,15.681463706518686,30.0,2.6877479682686967e-07,7.197069626521071e-13,77.99559681086778,67.99559681086778
22.5,clear,12.977935939739627,0.03719723552945909,42178.709373506914,37670.29209715875,37834.88523114909,41.64367422157783,39.47467054548556,206.89254046867467,205.59147333916945,0.0,0.0,127.2317761885964,14.074212499286347,14.960713333240818,11.484582569043141,4.484582569043141,10.99103029609092,3.991030296090919,25.59742374160709,15.682074270091986,30.0,2.6844147524930524e-07,7.179578869121756e-13,77.9994416340801,67.9994416340801
22.666666666666664,clear,12.980397495130047,0.037805007327504386,42177.06833657997,37668.612939084705,37833.12736175269,41.64404254824504,39.476030171931804,206.89215328540695,205.59106976944287,0.0,0.0,127.23157791380703,14.074599682554066,14.961123670908307,11.48498015198696,4.48498015198696,10.991443471608227,3.9914434716082265,25.597971831574764,15.682636540356011,30.0,2.6810890408231983e-07,7.162148247669241e-13,78.00328229043109,68.00328229043109
22.833333333333332,clear,12.98289656957701,0.03834042060724436,42175.40228694866,37666.914987965356,37831.34920675968,41.64432553287678,39.47732670707003,206.89176175125456,205.59066152349357,0.0,0.0,127.23138885389596,14.07499121670645,14.961538370266283,11.485382090638268,4.485382090638268,10.99185510975487,3.9918551097548693,25.5984674459954,15.683146644996855,30.0,2.677779497414843e-07,7.14482295237545e-13,78.00710873713837,68.00710873713837
23.0,clear,12.985428379869587,0.03880245059142482,42173.714413420275,37665.201494037574,37829.55416989967,41.64452262601769,39.478557659539526,206.8913666151599,205.59024938217965,0.0,0.0,127.23120937008078,14.075386352801104,14.9619566381254,11.485787616181454,4.4857876161814545,10.992264163577161,3.992264163577161,25.59890713526187,15.683601106816257,30.0,2.674494478967197e-07,7.127646352794254e-13,78.01091124086409,68.01091124086409
23.166666666666664,clear,12.987988080140674,0.039190212957903516,42172.007946572885,37663.4757372537,37827.74568718795,41.64463344345653,39.479720663878574,206.8909686330495,205.58983413391468,0.0,0.0,127.23103980522662,14.075784334911503,14.962377674367247,11.486195952841811,4.486195952841811,10.99266962345626,3.99266962345626,25.599287871217513,15.683996869562144,30.0,2.6712420051197505e-07,7.110659855981184e-13,78.01468041453144,68.01468041453144
23.333333333333332,clear,12.990570771141943,0.039502965532236464,42170.28615257204,37661.74102100123,37825.92722034651,41.64465776701494,39.48081348512422,206.89056856638993,205.58941657316205,0.0,0.0,127.23088048319522,14.076184401571084,14.962800673472202,11.486606319367127,4.486606319367127,10.993070520747633,3.993070520747633,25.599607069725344,15.684331320529106,30.0,2.6680297317937486e-07,7.093902782128297e-13,78.01840725120984,68.01840725120984
23.5,clear,12.993171509620973,0.03974010970819463,42168.55232691935,37660.00066577785,37824.10225017605,41.64459554501183,39.48183402315887,206.89016718073248,205.58899749891697,0.0,0.0,127.23073170823021,14.076585787228538,14.96322482605865,11.487017930520764,4.487017930520764,10.993465931086424,3.9934659310864244,25.599862609820057,15.684602309774647,30.0,2.6648649275625524e-07,7.0774122577739e-13,78.02208315490157,68.02208315490157
23.666666666666664,clear,12.995785317782591,0.03990119159349205,42166.809788144936,37658.25800283393,37822.27426989166,41.64444689240151,39.48278031679478,206.88976524424913,205.5885777131785,0.0,0.0,127.2305937643801,14.07698772371188,14.963649320430363,11.487429998583025,4.487429998583025,10.993854977342291,3.9938549773422913,25.60005284933834,15.684808165802135,30.0,2.6617544531209295e-07,7.061223126600059e-13,78.02569996807648,68.02569996807648
23.833333333333332,clear,12.998407192816352,0.03998590287853245,42165.061871455764,37656.51636779495,37820.44677843509,41.64421209058558,39.4836505475884,206.88936352626308,205.5881580194158,0.0,0.0,127.23046691496009,14.077389441697932,14.964073344128906,11.487841734858023,4.487841734858023,10.994236832209417,3.994236832209417,25.600176636914988,15.684947707592531,30.0,2.6587047439046446e-07,7.045367877731509e-13,78.02924999582045,68.02924999582045
24.0,clear,13.001032116471865,0.03999408142651168,42163.31192235209,37654.77909427565,37818.6232737762,41.64389158689815,39.48444304337635,206.8889627957758,205.5877392210299,0.0,0.0,127.23035140205347,14.077790172185217,14.96449608548869,11.488252351183363,4.4882523511833625,10.994610720421118,3.994610720421118,25.60023332020366,15.685020252901243,30.0,2.655721795881159e-07,7.029876591292059e-13,78.03272602649746,68.03272602649746
24.166666666666664,clear,13.003655064663706,0.03992571158374639,42161.56329022419,37653.04950749851,37816.80724621666,41.64348599376571,39.485156281526336,206.88856381999474,205.58732211981538,0.0,0.0,127.23024744605368,14.07818914796627,14.964916735191025,11.488661061439132,4.488661061439132,10.99497592057844,3.9949759205784403,25.600222750324477,15.685025622742055,30.0,2.652811154533655e-07,7.014776900987837e-13,78.03612134882574,68.03612134882574
24.333333333333332,clear,13.006271017087471,0.03978092420963507,42159.819321941686,37651.330917928586,37815.002171708584,41.64299608754275,39.485788891895915,206.88816736286287,205.5869075144241,0.0,0.0,127.23015524524783,14.07858560509814,14.965334487814715,11.489067083054465,4.489067083054465,10.99533176658743,3.99533176658743,25.600145282451408,15.684964142027898,30.0,2.6499779070188854e-07,7.000093973289638e-13,78.03942976531745,68.03942976531745
24.5,clear,13.008874966828609,0.039559996426194115,42158.0833554476,37649.62661493687,37813.21150520082,41.64242280702549,39.48633965949356,206.88777418359444,205.58649619883403,0.0,0.0,127.23007497544232,14.07897878436657,14.965748543379789,11.489469638507359,4.489469638507359,10.995677648702646,3.995677648702646,25.60000177255471,15.684836636384475,30.0,2.647226677460412e-07,6.985850502702323e-13,78.04264560205733,68.04264560205733
24.666666666666664,clear,13.011461929945614,0.0392633510876482,42156.35871336959,37647.939860504535,37811.43867402594,41.641767251646414,39.48680752683627,206.88738503521864,205.58608896082634,0.0,0.0,127.23000678963155,14.079367932742372,14.966158108881928,11.489867956816198,4.489867956816198,10.996013014174938,3.996013014174938,25.59979357036228,15.684644425134806,30.0,2.6445616253376843e-07,6.972066722631464e-13,78.04576371480134,68.04576371480134
24.833333333333332,clear,13.014026955009268,0.03889155597109028,42154.648696660486,37646.27388297974,37809.687071340166,41.64103067935346,39.48719159599913,206.8870006631347,205.58568658047375,0.0,0.0,127.22995081770989,14.079752304826314,14.966562399813853,11.490261275018767,4.490261275018767,10.996337367506701,3.996337367506701,25.59952250851536,15.684389310538814,30.0,2.641986446895281e-07,6.958760431193417e-13,78.04877949142391,68.04877949142391
25.0,clear,13.016565132579622,0.03844532268976019,42152.95657828025,37644.63187089936,37807.960049629204,41.64021450417751,39.48749113035271,206.88662180368084,205.58528982864243,0.0,0.0,127.22990716622775,14.080131164280175,14.966960641671761,11.49064883963743,4.49064883963743,10.99665027031773,3.99665027031773,25.599190888072986,15.684073563338789,30.0,2.6395043795017385e-07,6.945947031376321e-13,78.05168885074174,68.05168885074174
25.166666666666664,clear,13.019071604602653,0.037925505331022,42151.285596931564,37643.01696688708,37806.260914292114,41.639320293493526,39.487705555984725,206.8862491827199,205.58489946551146,0.0,0.0,127.2298759181921,14.08050378524112,14.967352071442747,11.49102990812601,4.491029908126009,10.996951340831407,3.996951340831407,25.59880146045559,15.683699904755708,30.0,2.637118208841055e-07,6.933639584745497e-13,78.05448823780367,68.05448823780367
25.333333333333332,clear,13.02154157370852,0.037333098821646656,42149.63895086099,37641.432261639835,37804.59291731556,41.63834976498069,39.48783446280334,206.88588351424443,205.58451623911148,0.0,0.0,127.2298571329117,14.080869453716588,14.967735939071389,11.491403750297138,4.491403750297138,10.99724025298913,3.9972402529891298,25.598357405950676,15.683271485047916,30.0,2.6348302788398036e-07,6.921848878029598e-13,78.05717461571983,68.05717461571983
25.5,clear,13.02397031239372,0.03666923702352932,42148.01979173752,37639.88078801387,37802.95925105078,41.63730478328737,39.487877605319675,206.88552549900402,205.58414088388633,0.0,0.0,127.22985084588733,14.081227468956996,14.968111508901814,11.491769649725839,4.491769649725839,10.997516735209448,3.997516735209448,25.597862308967226,15.682791858839336,30.0,2.632642504171366e-07,6.910583501635352e-13,78.05974545418188,68.05974545418188
25.666666666666664,clear,13.026353172069477,0.03593519056348548,42146.431218620346,37638.365515221856,37801.36304210471,41.63618735640814,39.4878349031083,206.88517582315768,205.58377411928012,0.0,0.0,127.22985706874736,14.081577144803333,14.96847806109298,11.49212690512772,4.492126905127719,10.997780568800373,3.9977805688003727,25.597320130223817,15.68226495733483,30.0,2.6305563852483764e-07,6.899849939534003e-13,78.06219871475318,68.06219871475318
25.833333333333332,clear,13.028685591959121,0.035132364401280286,42144.87627202725,37636.889343152136,37799.80734535746,41.63499963177988,39.48770644094485,206.88483515695307,205.58341664835237,0.0,0.0,127.22987578922854,14.08191781100794,14.968834893003987,11.492474831708549,4.492474831708549,10.99803158605161,3.99803158605161,25.596735176091343,15.68169505772849,30.0,2.6285730254758776e-07,6.889652669279757e-13,78.06453283317683,68.06453283317683
26.0,clear,13.030963107827379,0.034262295140545344,42143.35792811508,37635.45509682082,37798.29513811714,41.63374389210493,39.48749246862041,206.88450415343664,205.58306915642413,0.0,0.0,127.22990697120214,14.082248814524377,14.969181320547193,11.492812762482615,4.492812762482615,10.998269668019258,3.998269668019258,25.59611206528877,15.68108674997073,30.0,2.6266931506560663e-07,6.87999427156341e-13,78.0667466988182,68.0667466988182
26.166666666666664,clear,13.033181360524884,0.03332664808773034,42141.879092983414,37634.065520967655,37796.82931442354,41.632422550909965,39.48719340043353,206.88418344719577,205.58273230975777,0.0,0.0,127.22995055474539,14.082569520765247,14.969516679506,11.493140049557411,4.493140049557411,10.998494742029212,3.9984947420292123,25.59545569326812,15.68044490117861,30.0,2.624917130333074e-07,6.870875548205789e-13,78.0688396314856,68.0688396314856
26.333333333333332,clear,13.035336104331565,0.032327214064717905,42140.44259711229,37632.7232748055,37795.41267951133,41.6310381478494,39.486809814360825,206.883873653136,205.58240675427265,0.0,0.0,127.23000645625791,14.082879314825021,14.969840326815188,11.493456065382261,4.4934560653822615,10.99870677892266,3.99870677892266,25.59477119446061,15.679774617963982,30.0,2.6232450008941746e-07,6.862295647666254e-13,78.07081135584684,68.07081135584684
26.5,clear,13.037423215082923,0.031265905981203455,42139.051189944716,37631.43092693406,37794.04794444351,41.629593343763155,39.48634245090814,206.8835753652962,205.58209311429988,0.0,0.0,127.23007456862321,14.083177602664819,14.970151641800555,11.493760203957777,4.493760203957777,10.998905790069205,3.9989057900692053,25.594063902776302,15.679081206957191,30.0,2.6216764902316224e-07,6.854252197105657e-13,78.07266197367902,68.07266197367902
26.666666666666664,clear,13.039438698063648,0.030144755173399207,42137.707534624235,37630.19095042688,37792.73772092524,41.628090915498724,39.48579221164474,206.88328915570284,205.58179199137788,0.0,0.0,127.23015476141447,14.083463812258174,14.970450027376359,11.494051882004754,4.494051882004754,10.999091824177668,3.9990918241776683,25.59333931056212,15.67837013385024,30.0,2.6202110437383735e-07,6.84674143990401e-13,78.07439193423119,68.07439193423119
26.833333333333332,clear,13.041378695653481,0.02896590751607108,42136.41420289768,37629.00571810152,37791.48451630795,41.62653375050813,39.48516015742384,206.88301557326693,205.58150396309162,0.0,0.0,127.23024688114475,14.083737394694083,14.970734911197695,11.494330540089436,4.494330540089436,10.999264963931342,3.999264963931342,25.592603026419297,15.677646981246147,30.0,2.618847851440592e-07,6.839758377706061e-13,78.07600200294942,68.07600200294942
27.0,clear,13.043239494710672,0.027731619315349395,42135.17367019288,37627.87749798186,37790.29072879353,41.624924841230765,39.48444750629297,206.88275514272482,205.58122958195756,0.0,0.0,127.23035075156066,14.083997825236196,14.971005746765258,11.494595643703022,4.494595643703022,10.999425322481247,3.9994253224812475,25.591860732153755,15.676917405665993,30.0,2.617585876019338e-07,6.833296915823412e-13,78.07749322887605,68.07749322887605
27.166666666666664,clear,13.045017533678903,0.026444252990175065,42133.98831088073,37626.80844896084,37789.15864284731,41.623267279273605,39.48365563109921,206.88250836362533,205.5809693743569,0.0,0.0,127.23046617397921,14.08424460433568,14.971262014480772,11.494846684293748,4.494846684293748,10.999573039827048,3.999573039827048,25.591118139197143,15.67618709401875,30.0,2.6164238815080166e-07,6.827350011008415e-13,78.07886691100002,68.07886691100002
27.333333333333332,clear,13.046709409404086,0.025106272550645774,42132.86039373061,37625.800616672306,37788.090424829024,41.62156424940074,39.482786056793586,206.88227570936544,205.58072383951855,0.0,0.0,127.23059292766715,14.08447725859557,14.971503222651052,11.495083180249026,4.495083180249026,10.999708279121332,3.9997082791213323,25.59038094483931,15.675461719897948,30.0,2.615360462405677e-07,6.821909820389528e-13,78.08012456389035,68.08012456389035
27.5,clear,13.048311883647976,0.023720238881918636,42131.79207756802,37624.855929579724,37787.088118849766,41.61981902334414,39.4818404574411,206.8820576262761,205.58049344855453,0.0,0.0,127.23073077026201,14.08469534168492,14.971728908438081,11.495304677825743,4.495304677825743,10.999831222926527,3.9998312229265274,25.589654788621147,15.674746899994654,30.0,2.6143940729987434e-07,6.8169678506299e-13,78.08126788288529,68.08126788288529
27.666666666666664,clear,13.049821889286132,0.02228880484269366,42130.785407142575,37623.976195288975,37786.15364286304,41.6180349534486,39.480820652942036,206.8818545327597,205.58027864354943,0.0,0.0,127.23087943823417,14.084898435201325,14.971938638753898,11.495510752027172,4.495510752027172,10.999942069463252,3.999942069463252,25.588945209170323,15.674048151015178,30.0,2.6135230566100253e-07,6.81251510599622e-13,78.08229870919921,68.08229870919921
27.833333333333332,clear,13.05123653617838,0.020814710187660772,42129.842309214415,37623.16309709268,37785.28878499727,41.616215466163396,39.47972860547185,206.88166681848205,205.58007983670564,0.0,0.0,127.23103864738884,14.085086149478968,14.972132011098296,11.4957010074245,4.4957010074245005,11.000041028879728,4.000041028879728,25.588257601890085,15.673370847385895,30.0,2.6127456745653663e-07,6.808542234396974e-13,78.08321899522223,68.08321899522223
28.0,clear,13.052553116700505,0.019300776323628754,42128.96458886633,37622.418190752265,37784.49520013681,41.614364055394134,39.478566415646675,206.88149484361912,205.5798974095462,0.0,0.0,127.2312080934074,14.085258124341891,14.972308654337183,11.495875078921287,4.495875078921287,11.000128319577843,4.000128319577843,25.58759717773603,15.672720180094249,30.0,2.612060134622553e-07,6.805039670203299e-13,78.08403077034495,68.08403077034495
28.166666666666664,clear,13.053769110926645,0.0177499009093724,42128.1539260489,37621.742901524114,37783.77440675792,41.612484275727965,39.477336318422665,206.8813389381608,205.5797317121768,0.0,0.0,127.23138745242673,14.085414029800205,14.972468229421139,11.496032632459645,4.496032632459645,11.000204164629444,4.000204164629444,25.586968923467808,15.672101116977133,30.0,2.611464618620928e-07,6.801997772743927e-13,78.08473610762073,68.08473610762073
28.333333333333332,clear,13.054882191452396,0.01616505230953391,42127.41187236507,37621.138521435394,37783.1277840258,41.61057973554583,39.47604067873752,206.88119940127305,205.57958306260866,0.0,0.0,127.23157638165553,14.085553566687963,14.972610430041243,11.49617336566628,4.49617336566628,11.00026878831326,4.00026878831326,25.58637756364579,15.67151836474913,30.0,2.6109573091350915e-07,6.799406959479666e-13,78.08533709154841,68.08533709154841
28.5,clear,13.05589022784946,0.014549263913194041,42126.73984810036,37620.606206814664,37782.5565691581,41.60865409003573,39.47468198690318,206.88107650071925,205.57945174614292,0.0,0.0,127.23177452002672,14.085676467241768,14.972734983222523,11.496297008437622,4.496297008437622,11.000322412805687,4.000322412805687,25.58582752464549,15.670976333074417,30.0,2.6105364148924475e-07,6.797257832734825e-13,78.08583578728556,68.08583578728556
28.666666666666664,clear,13.056791290743254,0.012905628327986585,42126.1391395045,37620.146976082266,37782.06185506016,41.60671103412081,39.473262853759095,206.88097047234254,205.57933801481875,0.0,0.0,127.23198148888429,14.085782495618474,14.972841649852342,11.496403323462488,4.496403323462488,11.000365255053978,4.000365255053978,25.585322901021375,15.670479100945983,30.0,2.6102001947488225e-07,6.795541299037293e-13,78.08623421155751,68.08623421155751
28.833333333333332,clear,13.057583655505733,0.011237291460868966,42125.61089632951,37619.761707804195,37781.64458823612,41.60475429531662,39.47178600559602,206.88088151960983,205.5792420869255,0.0,0.0,127.23219689270368,14.085871448351185,14.972930225143699,11.49649210668116,4.49649210668116,11.000397523860816,4.000397523860816,25.584867424408788,15.670030385638148,30.0,2.6099469800123297e-07,6.794248680078977e-13,78.08653430553262,68.08653430553262
29.0,clear,13.05826580555631,0.009547446496878633,42125.156129629126,37619.45113901365,37781.30556698026,41.602787626531295,39.47025427886064,206.88080981321798,205.57916414658018,0.0,0.0,127.2324203198441,14.085943154743035,14.973000539031915,11.496563187680664,4.496563187680664,11.000419417204329,4.000419417204329,25.584464435244048,15.669633514442298,30.0,2.60977519494132e-07,6.793371814488064e-13,78.0867379098873,68.0867379098873
29.166666666666664,clear,13.058836435264586,0.007839327787399271,42124.77570982361,37619.21586380319,37781.04543985178,41.600814798823684,39.46867061465171,206.880755490764,205.57910434337128,0.0,0.0,127.23265134333157,14.085997477197026,14.973052456504263,11.496616430024375,4.496616430024375,11.00043111982291,4.00043111982291,25.584116857511855,15.669291399460004,30.0,2.6096833751992776e-07,6.792903149372687e-13,78.08684674233459,68.08684674233459
29.333333333333332,clear,13.059294452449308,0.0061162046596349275,42124.4703650338,37619.05633219015,37780.864704435866,41.59883959413287,39.467038053018825,206.88071865647888,205.57906279206924,0.0,0.0,127.23288952167104,14.086034311482138,14.97308587786165,11.49665173151621,4.496651731516209,11.000432801078603,4.0004328010786026,25.583827176690303,15.669006515561986,30.0,2.609670184169657e-07,6.792835821193593e-13,78.08686237774413,68.08686237774413
29.5,clear,13.059638980468804,0.004381375159140922,42124.240679687464,37618.97284925765,37780.763706393656,41.59686579799412,39.465359727075565,206.88069938102612,205.57903957240427,0.0,0.0,127.23313439968626,14.086053586934895,14.973100738912024,11.496669024398543,4.4966690243985425,11.00042461312545,4.00042461312545,25.583597421097586,15.66878088175396,30.0,2.609734426932445e-07,6.793163725001972e-13,78.08678623109964,68.08678623109964
29.666666666666664,clear,13.059869359898867,0.0026381597373876975,42124.087093400754,37618.96557457262,37780.74263880271,41.5948971922552,39.463638856938054,206.88069770136525,205.5790347289124,0.0,0.0,127.23338550938567,14.086055266595764,14.973097011095035,11.496668275483273,4.496668275483273,11.000406689395476,4.000406689395476,25.5834291467339,15.668616046060716,30.0,2.6098750618095913e-07,6.793881571604999e-13,78.08661954341146,68.08661954341146
29.833333333333332,clear,13.059985149794885,0.0008898948964399094,42124.00990013674,37619.034521882066,37780.80154178912,41.59293754780725,39.46187874350212,206.88071362068047,205.5790482708495,0.0,0.0,127.23364237085273,14.086039347280547,14.973074701537342,11.496649486215986,4.496649486215986,11.00037914341415,4.0003791434141505,25.583323425790176,15.668513074021481,30.0,2.610091209391734e-07,6.794984932230998e-13,78.08636337069477,68.08636337069477
30.0,clear,13.059986128535813,-0.0008600731970848735,42124.00924764279,37619.179559088145,37780.94030245236,41.59099061734458,39.46008276207041,206.880747108375,205.57908017217358,0.0,0.0,127.23390449315919,14.08600585958601,14.973033853039254,11.496612692673253,4.496612692673253,11.000342067959684,4.000342067959684,25.583280838853128,15.668472540933971,30.0,2.6103821589359615e-07,6.796470270153067e-13,78.08601857614667,68.08601857614667
30.166666666666664,clear,13.059872294248349,-0.00260839511655562,42124.08513716777,37619.40040850198,37781.158655082516,41.589060128167255,39.45825435584269,206.88079810013045,205.57913037159562,0.0,0.0,127.23417137529928,14.085954867830566,14.972974543991938,11.496557965492514,4.496557965492514,11.000295534568757,4.000295534568757,25.5833014709134,15.66849452785441,30.0,2.610747372115527e-07,6.798334959172297e-13,78.08558582554701,68.08558582554701
30.333333333333332,clear,13.059643864810516,-0.0043517245861069385,42124.23742345966,37619.69664737586,37781.456181669804,41.58714977504044,39.456397029282016,206.8808664980317,205.57919877269865,0.0,0.0,127.23444250714341,14.085886469929306,14.972896888225876,11.49648540973537,4.496485409735371,11.000239593395552,4.000239593395552,25.583384911165084,15.66857862142336,30.0,2.6111864840666996e-07,6.800577288680343e-13,78.08506558594569,68.08506558594569
30.5,clear,13.059301277434653,-0.006086724885387282,42124.465815043564,37620.06770871272,37781.83231270535,41.58526321312408,39.45451434136954,206.88095217075673,205.57928524412492,0.0,0.0,127.23471737040934,14.085800797204286,14.972801034790422,11.496395164684031,4.496395164684031,11.00017427342259,4.000174273422591,25.583530256646767,15.668723917492391,30.0,2.611699301741938e-07,6.803196455333332e-13,78.08445812762375,68.08445812762375
30.666666666666664,clear,13.05884518783059,-0.007810075236018669,42124.76987477961,37620.51288235132,37782.28632827151,41.583404050986736,39.45260989876178,206.8810549538311,205.57938961983052,0.0,0.0,127.23499543964913,14.085698014129918,14.972687167665583,11.4962874035716,4.4962874035716,11.000099583019631,4.000099583019631,25.58373611962218,15.668929028522902,30.0,2.612285799594725e-07,6.806192541444808e-13,78.08376352929245,68.08376352929245
30.833333333333332,clear,13.058276468950623,-0.009518477157542948,42125.14902069959,37621.03131632519,37782.81735941985,41.581575843716415,39.45068734886287,206.88117464994656,205.5795116994076,0.0,0.0,127.23527618324994,14.085578318014456,14.972555505405552,11.49616233324656,4.496162333246559,11.000015510847764,4.0000155108477635,25.584000638745007,15.669192094727059,30.0,2.612946112612572e-07,6.80956648015278e-13,78.08298168650374,68.08298168650374
31.0,clear,13.057596209318692,-0.011208660780690003,42125.60252712087,37621.62201849245,37783.42438983405,41.579782086141954,39.448750372826,206.88131102934324,205.57965124847243,0.0,0.0,127.23555906444696,14.085441938617777,14.972406300716102,11.496020193772424,4.496020193772424,10.999922027095636,3.9999220270956357,25.58432149380193,15.669510798836207,30.0,2.613680526793523e-07,6.813320007808011e-13,78.08211232315078,68.08211232315078
31.166666666666664,clear,13.056805710946952,-0.01287739110588497,42126.129526035365,37622.28385843392,37784.106257774576,41.57802620617725,39.44680267849692,206.88146383025446,205.5798079991199,0.0,0.0,127.23584354234634,14.085289137706553,14.972239839965198,11.4958612579629,4.4958612579629005,10.99981908503587,3.9998190850358704,25.584695924040165,15.669882384383067,30.0,2.6144894671513e-07,6.817455603974489e-13,78.081155005947,68.081155005947
31.333333333333332,clear,13.055906486843728,-0.01452147419501447,42126.729008770846,37623.0155696151,37784.86165830136,41.57631155830125,39.44484799331376,206.8816327594132,205.5799816504424,0.0,0.0,127.23612907295629,14.085120208547806,14.972056442628883,11.495685830854086,4.495685830854086,10.999706622888832,3.999706622888832,25.58512074982732,15.670303677392102,30.0,2.615373483339212e-07,6.821976419448549e-13,78.08010916176386,68.08010916176386
31.5,clear,13.054900258117634,-0.016137763284601522,42127.399827921574,37623.815751808834,37785.68914577031,41.57464141718553,39.44289005717602,206.88181749262003,205.5801718691124,0.0,0.0,127.2364151102246,14.084935475340984,14.971856460673195,11.49549424911396,4.4954942491139604,10.999584565971219,3.999584565971219,25.585592397585515,15.670771111264248,30.0,2.616333233058611e-07,6.826886193083441e-13,78.07897409761833,68.07897409761833
31.666666666666664,clear,13.05378895068338,-0.017723164808689112,42128.14069954441,37624.682873773185,37786.58713659884,41.573018971481424,39.44093261529717,206.88201767536978,205.58037829002802,0.0,0.0,127.23670110708021,14.084735292591233,14.971640277873234,11.495286880391475,4.495286880391475,10.999452829110968,3.999452829110968,25.586106927712052,15.671280754693907,30.0,2.617369463384186e-07,6.832189158026903e-13,78.07774902313659,68.07774902313659
31.833333333333332,clear,13.052574691575584,-0.019274644319903486,42128.950205616275,37625.61527617994,37787.553912295094,41.57144731777825,39.4389794110536,206.88223292353763,205.5806005170196,0.0,0.0,127.23698651647734,14.084520044423385,14.971408309070853,11.495064122605129,4.495064122605129,10.999311319305187,3.9993113193051872,25.58666006533794,15.671828342408645,30.0,2.6184829901748446e-07,6.837889938162814e-13,78.07643307527813,68.07643307527813
32.0,clear,13.051259804877642,-0.02078923229736491,42129.82679674824,37626.61117478801,37788.587622745225,41.56992945474358,39.437034178844385,206.88246282412155,205.58083812361622,0.0,0.0,127.23727079243976,14.084290143839468,14.971160999372387,11.494826403173676,4.4948264031736755,10.999159938593953,3.9991599385939534,25.58724723365607,15.672409308476134,30.0,2.619674675768545e-07,6.843993435688624e-13,78.07502534506652,68.07502534506652
32.166666666666664,clear,13.049846807273454,-0.02226402983033016,42130.76879515103,37627.668663855555,37789.68628975221,41.56846827745629,39.4351006369744,206.88270693604062,205.58109065387072,0.0,0.0,127.23755339110357,14.084046031920394,14.970898823288223,11.494574178190064,4.494574178190064,10.998998587122987,3.998998587122987,25.58786358957853,15.673018821932247,30.0,2.620945405156816e-07,6.850504710744184e-13,78.073524906076,68.073524906076
32.33333333333333,clear,13.048338403230503,-0.023696214166687022,42131.77439784633,37628.78571978455,37790.847810819774,41.56706657194284,39.433182480575,206.8829647909874,205.58135762324122,0.0,0.0,127.23783377175633,14.083788176973627,14.970622283815743,11.494307931539836,4.494307931539836,10.99882716636655,3.9988271663665493,25.588504061444915,15.673651824463818,30.0,2.6222960608471366e-07,6.857428854067376e-13,78.07193084440695,68.07193084440695
32.5,clear,13.046737479823523,-0.025083044115682136,42132.84168011765,37629.96020499061,37792.06996317383,41.56572700992633,39.431283374574996,206.88323589433242,205.58163851952787,0.0,0.0,127.23811139787051,14.083517073628599,14.97033191146727,11.49402817396647,4.49402817396647,10.998645582478389,3.998645582478389,25.589163388488277,15.674303069842745,30.0,2.623727496648462e-07,6.864770853784871e-13,78.07024228985031,68.07024228985031
32.666666666666664,clear,13.045047101208663,-0.026421865294540606,42133.968599194224,37631.18987199087,37793.35040801409,41.56445214379812,39.42940694673515,206.8835197260795,205.58193280386251,0.0,0.0,127.23838573812961,14.083233241881516,14.970028263245439,11.49373544208487,4.493735442084869,10.998453749740946,3.9984537497409463,25.589836161765586,15.674967164828422,30.0,2.625240510596059e-07,6.872535457345555e-13,78.06845844796433,68.06845844796433
32.83333333333333,clear,13.043270502758713,-0.02771011520893631,42135.152998160855,37632.472367702,37794.686694987446,41.56324440182069,39.42755678075939,206.88381574186928,205.58223991174947,0.0,0.0,127.23865626744453,14.08293722609173,14.969711921567665,11.493430297345554,4.493430297345554,10.998251594077054,3.998251594077054,25.59051686622786,15.67563861119276,30.0,2.626835817278654e-07,6.880727029846416e-13,78.06657863272949,68.06657863272949
33.0,clear,13.041411084870617,-0.02894532815758785,42136.39261008625,37633.80523794026,37796.07626687487,41.5621060835704,39.4257364094951,206.88412337402968,205.5825592541555,0.0,0.0,127.23892246795866,14.08262959393133,14.969383493141947,11.493113324951096,4.493113324951096,10.998039056596257,3.998039056596257,25.591199923620977,15.676311848601472,30.0,2.6285140197689157e-07,6.889349409679368e-13,78.06460229952324,68.06460229952324
33.166666666666664,clear,13.039472406457145,-0.030125139951593317,42137.6850623619,37635.18593211489,37797.51646448263,41.56103935562829,39.42394930823542,206.8844420326709,205.58289021864675,0.0,0.0,127.23918383003947,14.08231093529011,14.969043607796095,11.492785132727036,4.492785132727036,10.997816097134843,3.9978160971348427,25.59187973585733,15.676981297946966,30.0,2.630275581461944e-07,6.898405762963363e-13,78.06252907803288,68.06252907803288
33.33333333333333,clear,13.037458178135152,-0.031247292439471577,42139.02788124323,37636.611808106034,37799.00453172859,41.56004624752595,39.42219888813567,206.8847711068227,205.58323217057006,0.0,0.0,127.23943985325496,14.081981861138303,14.968692917262985,11.49244634994993,4.49244634994993,10.997582697762795,3.9975826977627946,25.59255072859285,15.677641404860122,30.0,2.6321207980158133e-07,6.907898437661432e-13,78.06035880485732,68.06035880485732
33.5,clear,13.035372255123491,-0.03230963782924812,42140.41849658434,37638.080137317724,37800.53762091395,41.55912864795437,39.42048848975603,206.88510996561195,205.58358445427683,0.0,0.0,127.23969004733289,14.081643002349068,14.96833209392409,11.492097626134296,4.492097626134296,10.997338866221387,3.997338866221387,25.593207394569845,15.678286683045918,30.0,2.6340497696643303e-07,6.917828818681045e-13,78.05809155546038,68.05809155546038
33.666666666666664,clear,13.033218629864145,-0.03331014279931372,42141.85424675724,37639.58810989645,37802.112798170274,41.55828830124143,39.418821376742216,206.88545795947795,205.583946394387,0.0,0.0,127.23993393310087,14.081295008483067,14.9679618295134,11.491739629781051,4.491739629781051,10.997084639260057,3.9970846392600574,25.593844336505708,15.678911757111285,30.0,2.6360623741356545e-07,6.928197185075982e-13,78.05572767518306,68.05572767518306
33.83333333333333,clear,13.03100142438072,-0.03424689239018795,42143.33238374619,37641.132840105165,37803.72704907137,41.55752680410467,39.41720072965588,206.8858144214232,205.5843172970899,0.0,0.0,127.24017104340601,14.080938546537823,14.967582833785144,11.491373047090207,4.491373047090207,10.996820085839143,3.9968200858391434,25.59445630910826,15.679511404541822,30.0,2.638158240428677e-07,6.939002570572309e-13,78.05326780900447,68.05326780900447
34.0,clear,13.02872488238893,-0.035118093669738046,42144.85007840738,37642.71137184271,37805.37728439945,41.55684560268457,39.41562963996579,206.88617866829736,205.5846964514805,0.0,0.0,127.2404009240116,14.080574299663652,14.967195833146974,11.49099858063957,4.49099858063957,10.996545310169566,3.996545310169566,25.595038259951124,15.680080596523016,30.0,2.64033672366625e-07,6.950242628488022e-13,78.05071292978172,68.05071292978172
34.166666666666664,clear,13.026393361174147,-0.03592207916483825,42146.4044258839,37644.320684297905,37807.06034605447,41.55624598986348,39.4141111042105,206.8865500021114,205.58508313092773,0.0,0.0,127.2406231344696,14.080202965849622,14.96680156926189,11.490616948033079,4.490616948033079,10.996260454560286,3.996260454560286,25.595585368849445,15.680614537290536,30.0,2.6425968812498537e-07,6.961913502159748e-13,78.04806436469813,68.04806436469813
34.33333333333333,clear,13.024011323251587,-0.03665731005290196,42147.992451165606,37645.95769772764,37808.77301309532,41.555729102874494,39.41264801834355,206.88692771138,205.5854765944722,0.0,0.0,127.2408372489673,14.079825256581017,14.966400797621588,11.490228880520391,4.490228880520391,10.99596570204504,3.9959657020450408,25.596093085493692,15.681108701697902,30.0,2.644937450538401e-07,6.974009701996557e-13,78.0453238196538,68.0453238196538
34.5,clear,13.021583327825091,-0.037322379107177145,42149.61111478327,37647.619279347826,37810.5120079014,41.55529592120447,39.411243172271114,206.88731107248884,205.5858760882512,0.0,0.0,127.24104285714597,14.079441895472172,14.965994286093633,11.48983512159134,4.489835121591341,10.995661278760949,3.9956612787609487,25.59655716497152,15.681558870701517,30.0,2.647356828269659e-07,6.98652399028464e-13,78.04249340134479,68.04249340134479
34.666666666666664,clear,13.01911402206084,-0.037916013390168424,42151.25731862611,37649.30224932619,37812.274002442835,41.55494726479429,39.40989924459175,206.88769935108513,205.58628084694735,0.0,0.0,127.24123956489056,14.079053616875882,14.965582813445764,11.489436425547055,4.489436425547055,10.995347456057786,3.995347456057786,25.596973700979817,15.681961164518158,30.0,2.649853051897726e-07,6.999447274653673e-13,78.03957563683299,68.03957563683299
34.83333333333333,clear,13.016608132192712,-0.038437076690030665,42152.92791187153,37651.00338686513,37814.05562464726,41.55468379253961,39.40861879754814,206.88809180348755,205.5866900952587,0.0,0.0,127.24142699508839,14.07866116447346,14.965167167849927,11.489033556051425,4.4890335560514245,10.995024552313605,3.9950245523136054,25.59733915641751,15.682312073175131,30.0,2.6524237830498957e-07,7.012768511297518e-13,78.03657349038143,68.03657349038143
35.0,clear,13.014070454476299,-0.03888457169527033,42154.6196970158,37652.71943636332,37815.85346485113,41.55450600109394,39.40740427219956,206.88848767811362,205.58710304938728,0.0,0.0,127.24160478835567,14.078265289847394,14.964748145369015,11.48862728466517,4.488627284665171,10.994692934436857,3.9946929344368574,25.597650391150918,15.68260848421934,30.0,2.6550662932754457e-07,7.026474618909368e-13,78.03349037737054,68.03349037737054
35.166666666666664,clear,13.011505846008916,-0.039257641903592634,42156.329435994056,37654.4471136441,37817.66408232306,41.5544142239764,39.40625798382389,206.8888862169216,205.58751891854294,0.0,0.0,127.24177260373028,14.077866751039409,14.96432654842934,11.488218389365429,4.488218389365429,10.99435301903889,3.99435301903889,25.597904686726523,15.682847707387221,30.0,2.657777452234644e-07,7.040550404191439e-13,78.03033017514592,68.03033017514592
35.33333333333333,clear,13.008919215433144,-0.03955557326124111,42158.053856377905,37656.183112238876,37819.48401184696,41.55440863098497,39.40518211755733,206.88928665686385,205.58793690646013,0.0,0.0,127.24193011932944,14.077466311097169,14.963903184281378,11.487807653053835,4.487807653053835,10.994005273259514,3.994005273259514,25.598099767849565,15.683027496020882,30.0,2.660553718490671e-07,7.054978499908768e-13,78.02709723063742,68.02709723063742
35.5,clear,13.006315513541722,-0.039777795529691254,42159.78965763885,37657.92410971337,37821.30977035212,41.55448922791632,39.40417872427957,206.88968823134925,205.58835621292405,0.0,0.0,127.242077032971,14.07706473661176,14.963478863452565,11.487395862056076,4.487395862056076,10.993650215233771,3.993650215233771,25.5982338204274,15.683146065077025,30.0,2.6633911330295944e-07,7.06973931628189e-13,78.02379636463954,68.02379636463954
35.666666666666664,clear,13.003699723801772,-0.03992388337708318,42161.53351746548,37659.66677402484,37823.13786357785,41.55465585659207,39.40324971675199,206.89009017171168,205.5887760353038,0.0,0.0,127.24221306275723,14.076662796249337,14.963054398194032,11.486983804615235,4.486983804615235,10.993288414190886,3.9932884141908858,25.59830550610283,15.683202105595601,30.0,2.666285315614633e-07,7.084811006453926e-13,78.02043287267045,68.02043287267045
35.83333333333333,clear,13.001076852816468,-0.03999355719230378,42163.282098122356,37661.40776989797,37824.96479275969,41.55490819519139,39.402396866015664,206.89049170868145,205.5891955700891,0.0,0.0,127.2423379476197,14.076261259279562,14.962630600925507,11.486572269382776,4.486572269382776,10.99292049017571,3.9929204901757096,25.598313973105324,15.683194795494417,30.0,2.669231464092541e-07,7.100169446844784e-13,78.01701252232037,68.01701252232037
36.0,clear,12.998451920742442,-0.03998668362016046,42165.032052838375,37663.14376520715,37826.78706132454,41.5552457588891,39.401621798055345,206.89089207385757,205.58961401442804,0.0,0.0,127.24245144782441,14.075860894103442,14.962208282680166,11.486162043909161,4.486162043909161,10.992547113389993,3.9925471133899926,25.5982588633444,15.683123806633159,30.0,2.6722243567167095e-07,7.115788232962477e-13,78.01354154706513,68.01354154706513
36.166666666666664,clear,12.995829951681236,-0.03990327581662197,42166.78003221251,37664.87143735328,37828.60118158187,41.55566790079763,39.40092599073605,206.8912905011772,205.59003056766278,0.0,0.0,127.24255334543602,14.075462466783819,14.96178825155323,11.48575391313743,4.4857539131374295,10.992169003148883,3.9921690031488826,25.59814031573307,15.682989308054553,30.0,2.675258357571415e-07,7.131638691364681e-13,78.0100266365032,68.0100266365032
36.33333333333333,clear,12.9932159640632,-0.03974349342363805,42168.52269062453,37666.587479622474,37830.40368139828,41.556173813211196,39.40031077101705,206.8916862283802,205.5904444328599,0.0,0.0,127.2426434447404,14.07506673958082,14.961371311157166,11.48534865790269,4.485348657902691,10.991786926457007,3.9917869264570065,25.597958965656403,15.682791965425622,30.0,2.678327425113243e-07,7.147689908124423e-13,78.00647492305868,68.00647492305868
36.5,clear,12.990614961042265,-0.03950764226358579,42170.25669263849,37668.28860751488,37832.1911108425,41.55676252914964,39.39977731244881,206.89207849846554,205.5908548183333,0.0,0.0,127.24272157262432,14.074674469495477,14.960958259085714,11.484947053439939,4.484947053439939,10.99140169620155,3.9914016962015495,25.597715940626372,15.68253293661609,30.0,2.681425123903043e-07,7.16390877447572e-13,78.00289396512571,68.00289396512571
36.666666666666664,clear,12.988031920919932,-0.03919617375392783,42171.978719386716,37669.97156503115,37833.960048788154,41.55743292419896,39.39932663295709,206.89246656113704,205.5912609391559,0.0,0.0,127.24278757891199,14.074286406823973,14.96054988539089,11.484549867903525,4.4845498679035245,10.991014168975713,3.9910141689757133,25.597412852140373,15.68221386352247,30.0,2.6845446394755896e-07,7.180260049661775e-13,77.99929172678155,67.99929172678155
36.83333333333333,clear,12.985471787616836,-0.03880968404320243,42173.68547492211,37671.63313090489,37835.70710946192,41.55818371864522,39.39895959291805,206.8928496742355,205.59166201865776,0.0,0.0,127.24284133665735,14.073903293725522,14.960146971074835,11.484157860901007,4.484157860901007,10.990625242535192,3.9906252425351916,25.59705178381521,15.681836860137189,30.0,2.687678796380257e-07,7.196706441470864e-13,77.99567655409255,67.99567655409255
37.0,clear,12.98293946121013,-0.038348912869999384,42175.373692526584,37673.270124768846,37837.42894892402,41.5590134798978,39.39867689352863,206.89322710515455,205.59205728990787,0.0,0.0,127.2428827423918,14.073525862806463,14.95975028659953,11.48377178204376,4.48377178204376,10.990235852901385,3.9902358529013853,25.596635275872643,15.681404496980264,30.0,2.690820079337528e-07,7.213208704476014e-13,77.99205714814286,67.99205714814286
37.166666666666664,clear,12.980439788554753,-0.03781474214710563,42177.0401409635,37674.87941324319,37839.12227146918,41.559920625197506,39.398479075474256,206.89359813223808,205.59244599717624,0.0,0.0,127.24291171632659,14.073154835722931,14.959360590417816,11.48339236951739,4.483392369517389,10.989846971125406,3.989846971125406,25.596166306102326,15.680919782010964,30.0,2.693960657450079e-07,7.229725755968429e-13,77.98844253491677,67.98844253491677
37.33333333333333,clear,12.977977554006598,-0.03720819427353024,42178.681630662264,37676.45791593425,37840.7838359355,41.56090342460472,39.398366517896896,206.89396204615537,205.59282739737415,0.0,0.0,127.24292820250972,14.072790921805648,14.958978627527813,11.483020348674927,4.483020348674927,10.98945959972967,3.9894595997296705,25.595648267458113,15.68038613816666,30.0,2.697092411383995e-07,7.246214809431017e-13,77.98484203219239,67.98484203219239
37.5,clear,12.975557470265288,-0.03653043017763999,42180.29501982314,37678.00261133205,37842.41046190914,41.56196000426215,39.39833943766529,206.89431815125272,205.59320076146963,0.0,0.0,127.24293216893685,14.072434816708295,14.958605128053705,11.482656430654941,4.4826564306549415,10.989074768844873,3.9890747688448727,25.595084942437538,15.679807377695491,30.0,2.700206963422391e-07,7.262631525318719e-13,77.98126521361255,67.98126521361255
37.666666666666664,clear,12.973184169354091,-0.03578274709515067,42181.87722043061,37679.51054259556,37843.99903581309,41.56308834992623,39.39839788894896,206.89466576687832,205.59356537587544,0.0,0.0,127.24292360761602,14.072087201082695,14.95824080585544,11.482301311027129,4.482301311027129,10.98869353206253,3.9886935320625305,25.594480474463396,15.679187673463229,30.0,2.7032957102702744e-07,7.278930178761761e-13,77.97772187012177,67.97772187012177
37.83333333333333,clear,12.97086219375427,-0.03496657608622691,42183.42520416382,37680.978823214326,37845.5465168683,41.56428631076104,39.398541763096375,206.89500422867764,205.59392054380692,0.0,0.0,127.24290253458605,14.071748739283379,14.957886357170366,11.481955668468629,4.481955668468629,10.988316962031313,3.9883169620313126,25.593839336460107,15.678531527505005,30.0,2.7063498584176606e-07,7.295063843399663e-13,77.97422196903213,67.97422196903213
38.0,clear,12.968595987710803,-0.034083479296443134,42184.936008192795,37682.404642535934,37847.049942915684,41.56555160338751,39.39877078881835,206.89533288985774,205.59426558660738,0.0,0.0,127.24286898988848,14.071420078103273,14.957542459288675,11.481620163472712,4.481620163472712,10.98794614581512,3.987946145815121,25.593166296901416,15.67784373698482,30.0,2.7093604619445766e-07,7.310984590920137e-13,77.9707756108856,67.9707756108856
38.166666666666664,clear,12.966389888726127,-0.033135146966848064,42186.40674084925,37683.785271148365,37848.5064360879,41.5668818161814,39.39908453267598,206.8956511224173,205.59459984503837,0.0,0.0,127.24282303749327,14.071101845543723,14.95720976926583,11.481295437092868,4.481295437092868,10.987582180048667,3.9875821800486673,25.592466383548803,15.677129357908255,30.0,2.7123184624988324e-07,7.326643705028672e-13,77.9673929844452,67.9673929844452
38.33333333333333,clear,12.964248119258196,-0.032123394198854974,42187.834587161204,37685.11806610719,37849.913208320024,41.56827441381151,39.39948239987265,206.89595831834055,205.5949226805325,0.0,0.0,127.24276476517808,14.070794649620467,14.956888922673727,11.480982109724067,4.480982109724067,10.98722616591326,3.9872261659132597,25.591744845198182,15.676393666798162,30.0,2.715214731274576e-07,7.341991909040432e-13,77.96408432002686,67.96408432002686
38.5,clear,12.962174778638715,-0.031050157480150473,42189.216814240855,37686.40047599749,37851.26756668857,41.569726742010715,39.399963635348826,206.89625389075292,205.59523347640652,0.0,0.0,127.24269428436172,14.070499077208098,14.956580532393303,11.480680779924086,4.480680779924086,10.986879203966684,3.9868792039666836,25.591007111690796,15.675642120659454,30.0,2.718040112719752e-07,7.356979605700089e-13,77.96085984148631,67.96085984148631
38.666666666666664,clear,12.960173835227058,-0.029917490978270792,42190.550776515294,37687.63004582063,37852.5669185685,41.57123603257105,39.40052732517797,206.89653727503563,205.59553163903217,0.0,0.0,127.24261172989172,14.070215692925387,14.956285187451044,11.480392023276735,4.480392023276735,10.986542388859108,3.9865423888591085,25.590258752526193,15.674880315529045,30.0,2.7207854697060415e-07,7.371557127815578e-13,77.95772971715785,67.95772971715785
38.83333333333333,clear,12.958249118814852,-0.028727562608939345,42191.8339207901,37688.80442169684,37853.80877659859,41.572799408553905,39.40117239826103,206.89680792989816,205.59581659896315,0.0,0.0,127.24251725978672,14.069945038062855,14.956003451900614,11.480116391298793,4.480116391298793,10.986216803969363,3.986216803969363,25.589505434371887,15.674113943946962,30.0,2.723441729865197e-07,7.385674998067407e-13,77.95470401006398,67.95470401006398
39.0,clear,12.95640431329578,-0.02748264988669133,42193.06379113615,37689.92135537423,37854.99076344533,41.574413889706,39.401897628316945,206.8970653384058,205.59608781201547,0.0,0.0,127.24241105493388,14.069687629555204,14.955735863753091,11.479854410393543,4.479854410393543,10.985903515994327,3.985903515994327,25.588752877808187,15.673348751643154,30.0,2.7259999327986807e-07,7.399284196314385e-13,77.9517926276992,67.9517926276992
39.166666666666664,clear,12.95464294961464,-0.02618513556572715,42194.23803359024,37690.97870853583,37856.11061635634,41.5760763980717,39.402701636165844,206.89730900896063,205.59634476029964,0.0,0.0,127.2422933187422,14.069443959000381,14.955482933956262,11.479606580851893,4.479606580851893,10.985603569527001,3.985603569527001,25.588006813632216,15.672590493782074,30.0,2.7284512778339813e-07,7.412336432478788e-13,77.94900527171806,67.94900527171806
39.33333333333333,clear,12.952968399009137,-0.02483750307933725,42195.35440066057,37691.974456896205,37857.16619149466,41.57778376379127,39.403582892300626,206.89753847623416,205.59658695320275,0.0,0.0,127.24216427675215,14.069214491726854,14.955245145426204,11.479373375903634,4.479373375903634,10.985317981661908,3.9853179816619075,25.587272939059,15.671844891123222,30.0,2.7307871719662473e-07,7.424784422844692e-13,77.94635138788534,67.94635138788534
39.5,clear,12.951383866557359,-0.02344233178662844,42196.41075562843,37692.90669407992,37858.155468045494,41.57953273107508,39.40453971974303,206.89775330204992,205.59681392831834,0.0,0.0,127.24202417620252,14.068999665911093,14.955022952131912,11.47915524082012,4.47915524082012,10.985047736661663,3.985047736661663,25.58655687415216,15.671117586411604,30.0,2.7329992776537753e-07,7.436582167711533e-13,77.94384011660196,67.94384011660196
39.666666666666664,clear,12.949892385043283,-0.022002292035648855,42197.40507663781,37693.77363527431,37859.07655208738,41.58131996434265,39.405570297179025,206.89795307621438,205.5970252523227,0.0,0.0,127.24187328555527,14.068799891746636,14.95481677823534,11.478952592070385,4.478952592070385,10.984793780718384,3.984793780718384,25.58586411882327,15.670414101302306,30.0,2.735079560129167e-07,7.447685228252073e-13,77.94148024431794,67.94148024431794
39.83333333333333,clear,12.948496809152045,-0.020520140052360233,42198.3354605653,37694.573620649506,37859.92768022072,41.58314205451579,39.40667266236803,206.8981374172945,205.59722052179592,0.0,0.0,127.24171189397936,14.068615550666522,14.954627017288033,11.478765816531762,4.478765816531762,10.984557016853557,3.9845570168535573,25.58520001071085,15.669739794231873,30.0,2.737020333798892e-07,7.45805099990202e-13,77.93928015623658,67.93928015623658
40.0,clear,12.947199810006088,-0.018998712665240943,42199.20012666261,37695.305118539334,37860.70722294629,41.584995525454275,39.40784471582022,206.8983059733407,205.5973993639858,0.0,0.0,127.24154031079436,14.068446994620302,14.95445403148591,11.478595270757154,4.478595270757154,10.984338299981882,3.984338299981882,25.584569684295296,15.66909981945077,30.0,2.738814307446165e-07,7.46763898032873e-13,77.93724779054492,67.93724779054492
40.166666666666664,clear,12.946003870052666,-0.01744092187561642,42199.99741996489,37695.96672837665,37861.413687787535,41.586876840522585,39.40908422473531,206.89845842255374,205.5975614375139,0.0,0.0,127.24135886487542,14.06829454540727,14.954298150983902,11.47844128029972,4.4784412802997196,10.984138432182933,3.9841384321829327,25.583978031519944,15.668499087628774,30.0,2.7404546277970484e-07,7.47641102916363e-13,77.93539059457673,67.93539059457673
40.33333333333333,clear,12.94491127831244,-0.015849749284108722,42200.725814458376,37696.55718337775,37862.04572215052,41.588782409275645,39.410388827195895,206.89859447389435,205.59770643302167,0.0,0.0,127.24116790402003,14.068158494066665,14.954159673271022,11.478304139096338,4.478304139096338,10.983958158207813,3.9839581582078125,25.583429664255956,15.667942228269204,30.0,2.741934921143144e-07,7.484331617373958e-13,77.93371548315844,67.93371548315844
40.5,clear,12.943924125998322,-0.014228240383874076,42201.38391600112,37697.07535297059,37862.60211591597,41.590708594251566,39.41175603660807,206.8987138676348,205.59783407375636,0.0,0.0,127.24096779427856,14.068039100326217,14.954038862607604,11.478184108911123,4.4781841089111225,10.983798161254853,3.983798161254853,25.582928878870476,15.667433554237551,30.0,2.743249332655959e-07,7.491368063823703e-13,77.9322287994529,67.9322287994529
40.666666666666664,clear,12.943044302512904,-0.012579498731550589,42201.9704649914,37697.52024496205,37863.081803758665,41.592651717858935,39.413183246381266,206.89881637585063,205.59794411609462,0.0,0.0,127.24075891924934,14.067936592110385,14.953935949525658,11.478081418839992,4.478081418839992,10.98365905904667,3.983659059046669,25.582479623182408,15.66697702869239,30.0,2.744392563042968e-07,7.49749075664965e-13,77.93093627859955,67.93093627859955
40.83333333333333,clear,12.942273491832154,-0.010906680007072256,42202.484338778566,37697.89100744023,37863.48386718936,41.5946080693458,39.41466773483909,206.89890180285244,205.59803635000372,0.0,0.0,127.24054167933988,14.067851165108578,14.953851130392707,11.47799626487702,4.477996264877021,10.98354140023427,3.9835414002342695,25.582085466070318,15.666576234644111,30.0,2.745359902250471e-07,7.50267335738405e-13,77.92984301438747,67.92984301438747
41.0,clear,12.941613169282293,-0.009212985973719941,42202.924553811805,37698.186930407974,37863.80753631565,41.59657391183812,39.416206670352246,206.89896998555662,205.59811059943894,0.0,0.0,127.24031649099584,14.067782982404395,14.953784567040913,11.477928809543585,4.4779288095435845,10.983445661155477,3.9834456611554767,25.581749569918063,15.666234347382797,30.0,2.7461472599106157e-07,7.506892985726791e-13,77.9289534292141,67.9289534292141
41.166666666666664,clear,12.941064598716045,-0.007501658349969175,42203.290267522636,37698.407447144586,37864.05219131818,41.598545489433974,39.41779711668444,206.89902079379416,205.5981667226771,0.0,0.0,127.2400837858988,14.06773217416685,14.953736386460776,11.477879181580732,4.477879181580732,10.98337224297428,3.98337224297428,25.5814746661872,15.665954110008304,30.0,2.746751192239038e-07,7.510130382956377e-13,77.92827124757424,67.92827124757424
41.33333333333333,clear,12.940628830093615,-0.005775972604863367,42203.58077993759,37698.55213529294,37864.21736363936,41.60051903434113,39.41943603854137,206.8990541305572,205.59820461258425,0.0,0.0,127.23984401013502,14.06769883740381,14.953706680561822,11.477847475705829,4.477847475705829,10.98332146921809,3.9833214692180903,25.58126303419595,15.665737812208429,30.0,2.7471689251767394e-07,7.512370052469706e-13,77.92779947323665,67.92779947323665
41.5,clear,12.940306697473087,-0.004039231688789273,42203.79553501794,37698.62071767022,37864.3027368825,41.60249077404401,39.42112030731301,206.89906993218312,205.5982241968193,0.0,0.0,127.23959762333618,14.06768303577789,14.95369550599844,11.477833752432929,4.477833752432929,10.983293583735094,3.983293583735094,25.581116483392407,15.66558727248209,30.0,2.7473983735350796e-07,7.513600375806561e-13,77.9275403703125,67.9275403703125
41.666666666666664,clear,12.940098817414027,-0.0022947597116534687,42203.93412172398,37698.61306280026,37864.30814741925,41.604456938487175,39.422846706998484,206.89906816847503,205.59822543797043,0.0,0.0,127.23934509779437,14.067684799485988,14.953702884063347,11.47783803795869,4.477838037958691,10.983288749085705,3.9832887490857054,25.58103633914666,15.665503823925057,30.0,2.747438155979702e-07,7.513813702987087e-13,77.92749544834572,67.92749544834572
41.83333333333333,clear,12.940005587797412,-0.0005458955805586327,42203.99627480173,37698.52918516678,37864.23358470458,41.60641376726184,39.424611940302796,206.89904884275933,205.59820833362653,0.0,0.0,127.23908691755258,14.067704125201686,14.953728800647525,11.477860324112456,4.477860324112456,10.983307045380919,3.9833070453809185,25.581023432224367,15.665488303694499,30.0,2.747287605710259e-07,7.513006416165954e-13,77.92766545154224,67.92766545154224
42.0,clear,12.94002718706407,0.0012040133908405352,42203.98187529062,37698.36924518698,37864.07919129832,41.608357516781396,39.42641263489406,206.89901199187975,205.59817291638194,0.0,0.0,127.23882357747283,14.067740976081268,14.953773206267044,11.47790056837178,4.47790056837178,10.983348469576969,3.9833484695769688,25.581078092035337,15.665541046230038,30.0,2.746946776732468e-07,7.511178965893337e-13,77.92805035222621,67.92805035222621
42.166666666666664,clear,12.940163573873157,0.0029516178890721945,42203.89095075123,37698.133548905505,37863.84526259358,41.61028446743305,39.42824534980991,206.8989576861278,205.59811925377525,0.0,0.0,127.23855558228352,14.067795281833213,14.953836016156856,11.47795869394281,4.47795869394281,10.98341293523208,3.9834129352320797,25.581200143668994,15.665661880285274,30.0,2.74641644566085e-07,7.508335879573244e-13,77.92864934857562,67.92864934857562
42.33333333333333,clear,12.94041448718128,0.004693573011410164,42203.72367521248,37697.822547409174,37863.53224625215,41.612190930691455,39.430106582000896,206.89888602911026,205.59804744816185,0.0,0.0,127.23828344560815,14.067866938850756,14.953917110431405,11.478034589905434,4.478034589905434,10.983500272727817,3.9835002727278166,25.581388908766847,15.665850129792256,30.0,2.7456981090312104e-07,7.5044857420025e-13,77.92946086666134,67.92946086666134
42.5,clear,12.94077944674213,0.006426544667994014,42203.48036883858,37697.43683596392,37863.140741348296,41.61407325618124,39.43199277299889,206.89879715755325,205.59795763652073,0.0,0.0,127.23800768897681,14.067955810407767,14.954016334311518,11.478128111423132,4.478128111423132,10.983610229954301,3.9836102299543015,25.581643210213485,15.666104618554824,30.0,2.744793976140283e-07,7.499641148161725e-13,77.93048256678273,67.93048256678273
42.666666666666664,clear,12.941257754025674,0.008147215963253412,42203.161497316214,37696.9771528754,37862.67149722244,41.615927838674324,39.43390031569788,206.89869124104393,205.59784999019593,0.0,0.0,127.23772884082305,14.06806172691708,14.95413349841715,11.478239080016749,4.478239080016749,10.983742473455148,3.9837424734551483,25.58196138063409,15.666423678737203,30.0,2.743706957471709e-07,7.493818628730086e-13,77.93171135406155,67.93171135406155
42.83333333333333,clear,12.941848493555131,0.009852293544423364,42202.76767096324,37696.44437807537,37862.12541204685,41.617751125009214,39.43582556123467,206.89856848170973,205.5977247145726,0.0,0.0,127.23744743546749,14.068184486251283,14.95426837912612,11.478367283902344,4.478367283902344,10.983896590022937,3.983896590022937,25.582341274596313,15.66680516306766,30.0,2.742440648820857e-07,7.487038549149761e-13,77.9331433932101,67.9331433932101
43.0,clear,12.942550534659194,0.011538513904998032,42202.29964356054,37695.83953143676,37861.50353110623,41.61953962091821,39.437764825955945,206.89842911383604,205.59758204868893,0.0,0.0,127.23716401209046,14.06832385412497,14.954420718997142,11.478512478391863,4.478512478391863,10.984072088737424,3.984072088737424,25.58278028445418,15.667246460702206,30.0,2.740999311230625e-07,7.479324983142379e-13,77.93477412740168,67.93477412740168
43.166666666666664,clear,12.943362533636126,0.013202649631059049,42201.75831090925,37695.163770820574,37860.80704479649,41.62128989774992,39.43971439845914,206.89827340342293,205.59742226478443,0.0,0.0,127.23687911369566,14.06847956453808,14.954590227256972,11.478674386356019,4.478674386356019,10.984268403429141,3.984268403429141,25.58327535972324,15.667744516589536,30.0,2.739387846940263e-07,7.470705562112905e-13,77.93659830108349,67.93659830108349
43.33333333333333,clear,12.944282936325592,0.014841515578523493,42201.14470911627,37694.41838985826,37860.03728634536,41.622998599073426,39.441670546693295,206.89810164768187,205.59724566778493,0.0,0.0,127.23659328606676,14.068651320279145,14.954776580350938,11.478852698748895,4.478852698748895,10.984484895552235,3.984484895552235,25.583823029789162,15.668295854209696,30.0,2.73761177154759e-07,7.461211301929494e-13,77.93860998658319,67.93860998658319
43.5,clear,12.945309981083312,0.01645197496948705,42200.460012611125,37693.604815473926,37859.19572925935,41.62466244715136,39.44362952510652,206.89791417447287,205.59705259472588,0.0,0.0,127.23630707671896,14.06883879348814,14.954979422555567,11.47904707519318,4.479047075193179,10.984720857446865,3.984720857446865,25.584419429850335,15.668896601509676,30.0,2.735677182622651e-07,7.450876408808175e-13,77.94080261432806,67.94080261432806
43.666666666666664,clear,12.94644170215284,0.018030945395994705,42199.70553189811,37692.72460515122,37858.283984502115,41.62627824926928,39.44558758182618,206.89771134168393,205.59684341411474,0.0,0.0,127.2360210338477,14.069041626277084,14.955198366651928,11.479257144624398,4.479257144624398,10.984975515968744,3.9849755159687437,25.585060329824177,15.669542519857494,30.0,2.7335907250389225e-07,7.439738066218816e-13,77.9431690064698,67.9431690064698
43.83333333333333,clear,12.947675933428004,0.019575404719748273,42198.882711048,37691.779443949905,37857.30379740918,41.627842903908416,39.44754096585822,206.8974935365531,205.5966185252335,0.0,0.0,127.23573570527641,14.069259431407914,14.955432994659077,11.479482505993914,4.479482505993914,10.985248036457374,3.9852480364573744,25.585741166071692,15.67022903574981,30.0,2.731359553342458e-07,7.427836205041719e-13,77.94570141365266,67.94570141365266
44.0,clear,12.949010312598817,0.021082396856457665,42197.993124934124,37690.771141278055,37856.25704434548,41.62935340674997,39.449485934291424,206.89726117493458,205.59637835738272,0.0,0.0,127.23545163740536,14.06949179302643,14.955682858625948,11.47972272902868,4.47972272902868,10.985537527020057,3.985537527020057,25.586457075613747,15.670951275093195,30.0,2.728991291436736e-07,7.415213258985662e-13,77.94839155471338,67.94839155471338
44.166666666666664,clear,12.950442285672924,0.02254903743376527,42197.03847621805,37689.70162742601,37855.14572911171,41.6308068564985,39.45141875949297,206.89701470051102,205.59612336906866,0.0,0.0,127.23516937416372,14.069738267449992,14.955947481479967,11.479977355046586,4.479977355046586,10.985843043096825,3.985843043096825,25.587202932685894,15.67170409974057,30.0,2.7264939899595763e-07,7.401913907808099e-13,77.9512306589916,67.9512306589916
44.33333333333333,clear,12.95196911186393,0.02397251931191475,42196.02059209071,37688.57294986866,37853.97197910661,41.63220046051304,39.4533357362809,206.8967545839521,205.59585404713448,0.0,0.0,127.23488945596672,14.069998384008926,14.9562263579314,11.480245897825938,4.480245897825938,10.98616359228004,3.9861635922800396,25.587973387237458,15.672482146063569,30.0,2.723876081656958e-07,7.387984810484359e-13,77.95420951100779,67.95420951100779
44.5,clear,12.953587868837232,0.025350117956596578,42194.941420775176,37687.38726934335,37852.73804125248,41.633531540234415,39.45523318905988,206.8964813220219,205.5955709058378,0.0,0.0,127.2346124186801,14.070271645939101,14.956518955431193,11.48052784452753,4.480527844527529,10.986498139348889,3.986498139348889,25.58876290518785,15.673279865194873,30.0,2.721146335166872e-07,7.373474331029057e-13,77.95731849714161,67.95731849714161
44.666666666666664,clear,12.955295458303365,0.026679196653687426,42193.80302779776,37686.14685571072,37851.44627769174,41.634797536397734,39.45710747890581,206.89619543663667,205.59527448587556,0.0,0.0,127.23433879259365,14.07055753132434,14.95682471518117,11.480822656667414,4.480822656667414,10.986845611492537,3.9868456114925372,25.589565810051653,15.674091564723504,30.0,2.7183138075108746e-07,7.358432259024212e-13,77.96054765406832,67.96054765406832
44.83333333333333,clear,12.95708861194809,0.027957211555902802,42192.607592034605,37684.85408360649,37850.099161262726,41.63599601401951,39.45895501058587,206.8958974738742,205.59496535335876,0.0,0.0,127.23406910140594,14.070855494086828,14.957143053193903,11.481129771138512,4.481129771138512,10.987204903678135,3.987204903678135,25.590376325669652,15.674911451436541,30.0,2.7153877957288674e-07,7.342909527604757e-13,77.96388671854764,67.96388671854764
45.0,clear,12.958963897687935,0.02918171655170268,42191.357401541376,37683.511427892816,37848.69927076364,41.63712466714904,39.4607722394996,206.89558800293707,205.59464409873829,0.0,0.0,127.2338038612221,14.07116496502394,14.957473361401128,11.481448601279737,4.481448601279737,10.987574884135324,3.9875748841353236,25.591188619705623,15.675733674858636,30.0,2.7123777879589976e-07,7.326957930890301e-13,77.96732517830361,67.96732517830361
45.166666666666664,clear,12.960917726239177,0.030350367947131654,42190.05484917388,37682.12145891744,37847.24928601346,41.63818132337452,39.46255567852778,206.8952676150717,205.59431133568398,0.0,0.0,127.23354357956673,14.071485352889312,14.95781500880841,11.481778537990053,4.481778537990053,10.987954399914667,3.987954399914667,25.59199684754787,15.676552371199445,30.0,2.7092934143717784e-07,7.310629843370433e-13,77.97085232360031,67.97085232360031
45.33333333333333,clear,12.9629463579877,0.031460928951633015,42188.7024280082,37680.68683759016,37845.751982719354,41.63916394807409,39.464301904775084,206.8949369224448,205.59396769991974,0.0,0.0,127.23328875441355,14.071816045516215,14.958167342693088,11.482118950885294,4.482118950885294,10.988342282487174,3.9883422824871744,25.592795196341918,15.677361707410643,30.0,2.706144398279472e-07,7.293977943216771e-13,77.97445729921021,67.97445729921021
45.5,clear,12.965045910146596,0.032511273959249964,42187.30272656894,37679.210310285904,37844.21022716072,41.640070648403665,39.4660075661934,206.8945965569799,205.59361384801545,0.0,0.0,127.23303987323388,14.072156410981108,14.958529689844966,11.482469189496541,4.482469189496541,10.988737353347572,3.988737353347572,25.59357792875256,15.678155925007635,30.0,2.702940507766425e-07,7.277054941572287e-13,77.97812915642866,67.97812915642866
45.666666666666664,clear,12.96721236418779,0.03349939261702039,42185.85842387481,37677.694703584224,37842.626970699566,41.640899677012385,39.46766938807241,206.8942471691555,205.59325045613912,0.0,0.0,127.23279741206564,14.072505798805508,14.958901357845775,11.482828584506706,4.482828584506706,10.989138429583871,3.989138429583871,25.594339426178934,15.678929383306603,30.0,2.699691508178378e-07,7.259913319749227e-13,77.98185690478701,67.98185690478701
45.83333333333333,clear,12.969441573533475,0.03442339367277854,42184.372284311015,37676.14291885525,37841.00524412824,41.64164943547862,39.46928417938451,206.89388942676774,205.5928782187712,0.0,0.0,127.23256183460472,14.072863541193271,14.959281636386095,11.483196449023652,4.4831964490236516,10.989544329379832,3.9895443293798323,25.59507423103566,15.679676601773751,30.0,2.6964071157620725e-07,7.242605075968147e-13,77.98562956315503,67.98562956315503
46.0,clear,12.97172927149263,0.03528150859499823,42182.84715233825,37674.55792670266,37839.348151865044,41.64231847745857,39.470848838971236,206.89352401365912,205.59249784738353,0.0,0.0,127.23233359132036,14.073228954301896,14.959669798616517,11.48357207988741,4.483572079887409,10.989953877414493,3.989953877414493,25.595777087848248,15.680392301141035,30.0,2.693096952757225e-07,7.225181483247673e-13,77.98943620989924,67.98943620989924
46.166666666666664,clear,12.974071079427443,0.03607209495774968,42181.285947048375,37672.94276127411,37837.65886600904,41.642905511541386,39.47236036155895,206.8931516284165,205.59211006908487,0.0,0.0,127.23211311859612,14.073601339544524,14.960065102531331,11.483954759008824,4.4839547590088245,10.990365910125988,3.9903659101259876,25.596442982771382,15.681071442991128,30.0,2.6897705042054763e-07,7.207692859805232e-13,77.99326603179308,67.99326603179308
46.33333333333333,clear,12.976462515133987,0.03679363958429142,42179.69165657734,37671.30051445017,37835.94062026523,41.643409403804185,39.47381584359148,206.89277298304023,205.59171562523642,0.0,0.0,127.23190083789842,14.073979984920783,14.960466792381624,11.484343754737353,4.484343754737353,10.990779280806423,3.9907792808064233,25.597067181294282,15.681709267489959,30.0,2.686437076734575e-07,7.190188353228445e-13,77.99710837136944,67.99710837136944
46.5,clear,12.978899001421125,0.03744476144327977,42178.067332385916,37669.63432992299,37834.19670375216,41.643829180061736,39.47521248886796,206.8923888015869,205.59131527003925,0.0,0.0,127.2316971549738,14.074364166374124,14.960874100115092,11.484738323255499,4.484738323255499,10.99119286449988,3.9911928644998795,25.597645263794703,15.682301329011388,30.0,2.683105759522936e-07,7.172715739345169e-13,78.00095277245596,68.00095277245596
46.666666666666664,clear,12.981375874871231,0.038024214292053105,42176.41608341918,37667.94739717586,37832.430454703375,41.64416402780562,39.47654761397458,206.8919998187888,205.59090976909675,0.0,0.0,127.23150245907651,14.07475314917221,14.961286246840075,11.485137709996721,4.485137709996721,10.991605562670799,3.9916055626707987,25.598173158713845,15.682843529340287,30.0,2.679785387678993e-07,7.155321236823078e-13,78.00478902358806,68.00478902358806
46.83333333333333,clear,12.98388839476593,0.0385308890619317,42174.741070156044,37666.24294537539,37830.645254075076,41.644413297828926,39.477818653499035,206.8916067786521,205.5904998979543,0.0,0.0,127.23131712222818,14.075146189308924,14.961702444311129,11.48554115108503,4.48554115108503,10.992016307619288,3.992016307619288,25.598647173061508,15.68333214823555,30.0,2.676484508186708e-07,7.138049338048547e-13,78.00860719908057,68.00860719908057
47.0,clear,12.986431752159804,0.03896381598096728,42173.04549856013,37664.5242371879,37828.844519072234,41.644576505532626,39.479023165017374,206.8912104330367,205.59008644061927,0.0,0.0,127.23114149851047,14.075542534924324,14.962121896433104,11.485947874792615,4.485947874792615,10.992424066616397,3.9924240666163975,25.599064020033456,15.683763871103395,30.0,2.673211348588721e-07,7.120942656906336e-13,78.01239769750713,68.01239769750713
47.166666666666664,clear,12.989001079084678,0.03932216643007967,42171.332613943545,37662.794562531984,37827.031696605394,41.644653331910476,39.48015883384279,206.89081154022028,205.5896701880644,0.0,0.0,127.23097592339242,14.07594142774073,14.962543800780963,11.486357103013717,4.486357103013717,10.992827845737608,3.992827845737608,25.59942084355577,15.684135813573171,30.0,2.6699737885311715e-07,7.104041793798245e-13,78.01615127738332,68.01615127738332
47.33333333333333,clear,12.991591457866875,0.039605254529028036,42169.60569475542,37661.057232279185,37825.21025669096,41.644643624210616,39.48122347752694,206.8904108634497,205.58925193671655,0.0,0.0,127.23082071309354,14.076342104511326,14.96296735013243,11.486768052750804,4.486768052750804,10.993226693373096,3.9932266933730958,25.599715239499012,15.684445542791195,30.0,2.666779334285837e-07,7.087385218176419e-13,78.01985908985397,68.01985908985397
47.5,clear,12.994197930539615,0.03981253844918073,42167.868046306925,37659.31557191473,37823.38368580732,41.64454739627163,39.48221505010454,206.89000916948157,205.58883248693468,0.0,0.0,127.23067616398376,14.076743798479441,14.96339173401094,11.487179937611558,4.4871799376115575,10.993619703397098,3.9936197033970977,25.599945273495337,15.68469109525809,30.0,2.663635096331891e-07,7.071009168673491e-13,78.02351270821823,68.02351270821823
47.666666666666664,clear,12.996815508332519,0.039943621450571495,42166.12299444499,37657.57291517077,37821.555480219904,41.644364828532524,39.483131646072565,206.88960722711616,205.58841264147912,0.0,0.0,127.2305425520217,14.077145740844855,14.963816140235167,11.487591969312447,4.487591969312447,10.994006017981079,3.9940060179810786,25.6001094951295,15.684870991095544,30.0,2.6605477700571376e-07,7.054947570789307e-13,78.02710415414943,68.02710415414943
47.83333333333333,clear,12.999439181220094,0.039998252641257025,42164.373879186605,37655.832597644025,37819.729139287585,41.64409626771608,39.4839715040961,206.88920580572585,205.58799320397586,0.0,0.0,127.23042013223176,14.077547162235163,14.964239756472864,11.48800335918719,4.488003359187189,10.994384830037333,3.9943848300373332,25.600206948468855,15.684984244616542,30.0,2.657523619622599e-07,7.039231972006672e-13,78.03062592048407,68.03062592048407
48.0,clear,13.002063927510871,0.039976327457522325,42162.624048326084,37654.0979504102,37817.90815876354,41.64374222618608,39.48473301043294,206.88880567378237,205.58757497737776,0.0,0.0,127.23030913822154,14.077947294178642,14.96466177179596,11.488413319696505,4.488413319696505,10.994755385282193,3.9947553852821933,25.600237178805187,15.685030371123538,30.0,2.6545684650131374e-07,7.023891494106213e-13,78.03407099047752,68.03407099047752
